Time UTC,Temperature (°C),Pressure (mm Hg),Humidity (%),CO2 (ppm),DUST TSP (µg m³),DUST PM2.5 (µg m³),DUST PM10 (µg m³),Time-local,door,window,occupancy,Time (+07:00),Temperature (°C)_lounge,Humidity (%)_lounge,CO2 (ppm)_lounge
2023-05-08 00:00:30,26.09,750.0338,19.41,570,58,50,58,00:00:59,open,closed,0,2023-05-08 00:02:00,24.9,27,597.5
2023-05-08 00:02:30,26.09,750.0263,19.43,569,57,49,57,00:02:59,open,closed,0,2023-05-08 00:04:00,24.9,27,597.5
2023-05-08 00:04:30,26.08,750.0263,19.46,569,58,51,58,00:04:59,open,closed,0,2023-05-08 00:06:00,24.9,27,598.0
2023-05-08 00:06:31,26.08,750.0338,19.48,571,57,49,57,00:06:59,open,closed,0,2023-05-08 00:08:00,24.9,27,598.0
2023-05-08 00:08:31,26.08,750.0263,19.4,572,59,50,59,00:08:59,open,closed,0,2023-05-08 00:10:00,24.9,27,596.75
2023-05-08 00:10:31,26.07,750.0188,19.53,572,58,50,58,00:10:59,open,closed,0,2023-05-08 00:12:00,24.9,27,596.75
2023-05-08 00:12:31,26.08,750.0188,19.27,573,58,51,58,00:12:59,open,closed,0,2023-05-08 00:14:00,24.9,27,596.75
2023-05-08 00:14:31,26.07,750.0188,19.4,571,56,48,56,00:14:59,open,closed,0,2023-05-08 00:16:00,24.9,27,596.2
2023-05-08 00:16:31,26.07,750.0338,19.4,574,58,49,58,00:16:59,open,closed,0,2023-05-08 00:18:00,24.9,27,596.2
2023-05-08 00:18:31,26.07,750.0338,19.37,574,54,49,54,00:18:59,open,closed,0,2023-05-08 00:20:00,24.9,27,595.0
2023-05-08 00:20:31,26.07,750.0188,19.41,574,56,49,56,00:20:59,open,closed,0,2023-05-08 00:22:00,24.9,27,595.0
2023-05-08 00:22:31,26.07,750.0338,19.48,574,58,48,58,00:22:59,open,closed,0,2023-05-08 00:24:00,24.9,27,595.0
2023-05-08 00:24:31,26.06,750.0338,19.36,573,54,47,54,00:24:59,open,closed,0,2023-05-08 00:26:00,24.9,27,594.4
2023-05-08 00:26:31,26.06,750.0188,19.46,575,56,48,56,00:26:59,open,closed,0,2023-05-08 00:28:00,24.9,27,594.4
2023-05-08 00:28:32,26.06,750.0113,19.38,575,56,49,56,00:28:59,open,closed,0,2023-05-08 00:30:00,24.9,27,593.0
2023-05-08 00:30:32,26.06,750.0038,19.56,575,55,49,55,00:30:59,open,closed,0,2023-05-08 00:32:00,24.9,27,593.0
2023-05-08 00:32:32,26.05,749.9963,19.38,574,56,49,56,00:32:59,open,closed,0,2023-05-08 00:34:00,24.9,27,593.0
2023-05-08 00:34:32,26.05,749.9888,19.44,575,58,49,58,00:34:59,open,closed,0,2023-05-08 00:36:00,24.9,27,593.4
2023-05-08 00:36:32,26.05,749.9888,19.5,574,58,50,58,00:36:59,open,closed,0,2023-05-08 00:38:00,24.9,27,593.4
2023-05-08 00:38:32,26.05,749.98126,19.41,576,57,49,57,00:38:59,open,closed,0,2023-05-08 00:40:00,24.9,27,592.0
2023-05-08 00:40:32,26.06,749.97375,19.4,574,57,49,57,00:40:59,open,closed,0,2023-05-08 00:42:00,24.9,27,592.0
2023-05-08 00:42:32,26.06,749.97375,19.36,575,58,50,58,00:42:59,open,closed,0,2023-05-08 00:44:00,24.9,27,592.0
2023-05-08 00:44:32,26.05,749.97375,19.49,577,58,49,58,00:44:59,open,closed,0,2023-05-08 00:46:00,24.9,27,591.2
2023-05-08 00:46:32,26.05,749.95874,19.41,574,56,50,56,00:46:59,open,closed,0,2023-05-08 00:48:00,24.9,27,591.2
2023-05-08 00:48:33,26.06,749.95123,19.36,576,55,49,55,00:48:59,open,closed,0,2023-05-08 00:50:00,24.9,27,591.5
2023-05-08 00:50:33,26.06,749.95874,19.37,576,54,48,54,00:50:59,open,closed,0,2023-05-08 00:52:00,24.9,27,591.5
2023-05-08 00:52:33,26.06,749.9438,19.36,575,56,48,56,00:52:59,open,closed,0,2023-05-08 00:54:00,24.9,27,591.5
2023-05-08 00:54:33,26.06,749.9363,19.56,575,54,48,54,00:54:59,open,closed,0,2023-05-08 00:56:00,24.9,27,590.8
2023-05-08 00:56:33,26.06,749.9363,19.32,576,55,48,55,00:56:59,open,closed,0,2023-05-08 00:58:00,24.9,27,590.8
2023-05-08 00:58:33,26.05,749.91376,19.37,578,56,48,56,00:58:59,open,closed,0,2023-05-08 01:00:00,24.9,27,590.75
2023-05-08 01:00:33,26.05,749.90625,19.41,576,53,47,53,01:00:59,open,closed,0,2023-05-08 01:02:00,24.9,27,590.75
2023-05-08 01:02:33,26.05,749.8913,19.5,575,55,48,55,01:02:59,open,closed,0,2023-05-08 01:04:00,24.9,27,590.75
2023-05-08 01:04:33,26.05,749.8763,19.53,576,55,47,55,01:04:59,open,closed,0,2023-05-08 01:06:00,24.9,27,589.4
2023-05-08 01:06:33,26.05,749.86127,19.49,576,51,46,51,01:06:59,open,closed,0,2023-05-08 01:08:00,24.9,27,589.4
2023-05-08 01:08:34,26.05,749.8688,19.38,575,56,48,56,01:08:59,open,closed,0,2023-05-08 01:10:00,24.9,27,588.5
2023-05-08 01:10:34,26.05,749.86127,19.46,576,56,47,56,01:10:59,open,closed,0,2023-05-08 01:12:00,24.9,27,588.5
2023-05-08 01:12:34,26.05,749.84625,19.46,575,57,50,57,01:12:59,open,closed,0,2023-05-08 01:14:00,24.9,27,588.5
2023-05-08 01:14:34,26.05,749.83124,19.4,576,56,47,56,01:14:59,open,closed,0,2023-05-08 01:16:00,24.9,27,587.2
2023-05-08 01:16:34,26.05,749.8237,19.49,575,54,46,54,01:16:59,open,closed,0,2023-05-08 01:18:00,24.9,27,587.2
2023-05-08 01:18:34,26.05,749.8162,19.35,575,53,48,53,01:18:59,open,closed,0,2023-05-08 01:20:00,25.0,27,587.75
2023-05-08 01:20:34,26.05,749.8162,19.52,576,53,47,53,01:20:59,open,closed,0,2023-05-08 01:22:00,25.0,27,587.75
2023-05-08 01:22:34,26.05,749.8087,19.36,574,56,48,56,01:22:59,open,closed,0,2023-05-08 01:24:00,25.0,27,587.75
2023-05-08 01:24:34,26.05,749.8162,19.39,573,52,47,52,01:24:59,open,closed,0,2023-05-08 01:26:00,25.0,27,587.0
2023-05-08 01:26:34,26.06,749.8087,19.5,575,54,46,54,01:26:59,open,closed,0,2023-05-08 01:28:00,25.0,27,587.0
2023-05-08 01:28:34,26.05,749.8013,19.4,574,55,47,55,01:28:59,open,closed,0,2023-05-08 01:30:00,24.9,27,586.4
2023-05-08 01:30:35,26.05,749.79376,19.4,574,56,48,56,01:30:59,open,closed,0,2023-05-08 01:32:00,24.9,27,586.4
2023-05-08 01:32:35,26.05,749.8013,19.36,574,55,48,55,01:32:59,open,closed,0,2023-05-08 01:34:00,24.9,27,586.4
2023-05-08 01:34:35,26.06,749.8087,19.5,574,53,47,53,01:34:59,open,closed,0,2023-05-08 01:36:00,24.9,27,586.75
2023-05-08 01:36:35,26.05,749.8087,19.42,573,55,48,55,01:36:59,open,closed,0,2023-05-08 01:38:00,24.9,27,586.75
2023-05-08 01:38:35,26.05,749.8162,19.5,574,52,48,52,01:38:59,open,closed,0,2023-05-08 01:40:00,25.0,27,586.8
2023-05-08 01:40:35,26.05,749.8162,19.48,572,57,48,57,01:40:59,open,closed,0,2023-05-08 01:42:00,25.0,27,586.8
2023-05-08 01:42:35,26.05,749.8237,19.56,576,57,48,57,01:42:59,open,closed,0,2023-05-08 01:44:00,25.0,27,586.8
2023-05-08 01:44:35,26.06,749.83875,19.47,574,56,48,56,01:44:59,open,closed,0,2023-05-08 01:46:00,25.0,27,586.0
2023-05-08 01:46:35,26.06,749.83124,19.44,573,53,45,53,01:46:59,open,closed,0,2023-05-08 01:48:00,25.0,27,586.0
2023-05-08 01:48:35,26.06,749.83875,19.5,572,55,47,55,01:48:59,open,closed,0,2023-05-08 01:50:00,25.0,27,585.0
2023-05-08 01:50:36,26.06,749.83875,19.53,574,56,47,56,01:50:59,open,closed,0,2023-05-08 01:52:00,25.0,27,585.0
2023-05-08 01:52:36,26.06,749.83875,19.5,574,56,48,56,01:52:59,open,closed,0,2023-05-08 01:54:00,25.0,27,585.0
2023-05-08 01:54:36,26.06,749.8237,19.43,572,54,49,54,01:54:59,open,closed,0,2023-05-08 01:56:00,25.0,27,586.0
2023-05-08 01:56:36,26.07,749.83875,19.4,574,55,47,55,01:56:59,open,closed,0,2023-05-08 01:58:00,25.0,27,586.0
2023-05-08 01:58:36,26.06,749.85376,19.48,573,54,47,54,01:58:59,open,closed,0,2023-05-08 02:00:00,25.0,27,584.4
2023-05-08 02:00:36,26.06,749.85376,19.4,573,56,46,56,02:00:59,open,closed,0,2023-05-08 02:02:00,25.0,27,584.4
2023-05-08 02:02:36,26.07,749.86127,19.39,571,54,46,54,02:02:59,open,closed,0,2023-05-08 02:04:00,25.0,27,584.4
2023-05-08 02:04:36,26.07,749.86127,19.48,571,54,46,54,02:04:59,open,closed,0,2023-05-08 02:06:00,24.9,27,584.25
2023-05-08 02:06:36,26.08,749.8763,19.49,572,54,46,54,02:06:59,open,closed,0,2023-05-08 02:08:00,24.9,27,584.25
2023-05-08 02:08:36,26.09,749.8763,19.49,572,56,48,56,02:08:59,open,closed,0,2023-05-08 02:10:00,25.0,27,583.0
2023-05-08 02:10:37,26.09,749.8763,19.4,572,53,46,53,02:10:59,open,closed,0,2023-05-08 02:12:00,25.0,27,583.0
2023-05-08 02:12:37,26.09,749.8763,19.48,572,54,48,54,02:12:59,open,closed,0,2023-05-08 02:14:00,25.0,27,583.0
2023-05-08 02:14:37,26.09,749.8688,19.42,570,54,47,54,02:14:59,open,closed,0,2023-05-08 02:16:00,25.0,27,583.75
2023-05-08 02:16:37,26.09,749.8688,19.31,572,57,49,57,02:16:59,open,closed,0,2023-05-08 02:18:00,25.0,27,583.75
2023-05-08 02:18:37,26.09,749.86127,19.39,572,54,47,54,02:18:59,open,closed,0,2023-05-08 02:20:00,25.0,27,582.75
2023-05-08 02:20:37,26.1,749.85376,19.35,574,53,46,53,02:20:59,open,closed,0,2023-05-08 02:22:00,25.0,27,582.75
2023-05-08 02:22:37,26.1,749.84625,19.39,572,54,46,54,02:22:59,open,closed,0,2023-05-08 02:24:00,25.0,27,582.75
2023-05-08 02:24:37,26.1,749.8162,19.38,571,50,43,50,02:24:59,open,closed,0,2023-05-08 02:26:00,25.0,27,583.4
2023-05-08 02:26:37,26.09,749.8237,19.41,570,54,45,54,02:26:59,open,closed,0,2023-05-08 02:28:00,25.0,27,583.4
2023-05-08 02:28:37,26.09,749.8162,19.42,570,50,45,50,02:28:59,open,closed,0,2023-05-08 02:30:00,25.0,27,581.75
2023-05-08 02:30:37,26.09,749.78625,19.41,571,51,46,51,02:30:59,open,closed,0,2023-05-08 02:32:00,25.0,27,581.75
2023-05-08 02:32:38,26.08,749.79376,19.43,571,53,46,53,02:32:59,open,closed,0,2023-05-08 02:34:00,25.0,27,581.75
2023-05-08 02:34:38,26.08,749.78625,19.43,571,55,47,55,02:34:59,open,closed,0,2023-05-08 02:36:00,25.0,27,581.8
2023-05-08 02:36:38,26.08,749.77875,19.52,570,52,46,52,02:36:59,open,closed,0,2023-05-08 02:38:00,25.0,27,581.8
2023-05-08 02:38:38,26.08,749.77124,19.43,571,52,46,52,02:38:59,open,closed,0,2023-05-08 02:40:00,25.0,27,581.25
2023-05-08 02:40:38,26.08,749.77124,19.42,572,52,46,52,02:40:59,open,closed,0,2023-05-08 02:42:00,25.0,27,581.25
2023-05-08 02:42:38,26.08,749.78625,19.42,572,53,46,53,02:42:59,open,closed,0,2023-05-08 02:44:00,25.0,27,581.25
2023-05-08 02:44:38,26.08,749.77875,19.46,571,50,45,50,02:44:59,open,closed,0,2023-05-08 02:46:00,25.0,27,580.8
2023-05-08 02:46:38,26.07,749.77124,19.35,571,52,47,52,02:46:59,open,closed,0,2023-05-08 02:48:00,25.0,27,580.8
2023-05-08 02:48:38,26.07,749.7488,19.44,570,52,47,52,02:48:59,open,closed,0,2023-05-08 02:50:00,25.0,27,580.75
2023-05-08 02:50:38,26.06,749.73376,19.28,569,55,46,55,02:50:59,open,closed,0,2023-05-08 02:52:00,25.0,27,580.75
2023-05-08 02:52:39,26.06,749.70374,19.48,571,51,46,51,02:52:59,open,closed,0,2023-05-08 02:54:00,25.0,27,580.75
2023-05-08 02:54:39,26.06,749.6812,19.33,573,51,46,51,02:54:59,open,closed,0,2023-05-08 02:56:00,25.0,27,580.2
2023-05-08 02:56:39,26.05,749.6737,19.43,573,54,46,54,02:56:59,open,closed,0,2023-05-08 02:58:00,25.0,27,580.2
2023-05-08 02:58:39,26.05,749.6737,19.45,570,56,47,56,02:58:59,open,closed,0,2023-05-08 03:00:00,25.0,27,579.0
2023-05-08 03:00:39,26.04,749.65875,19.55,569,52,46,52,03:00:59,open,closed,0,2023-05-08 03:02:00,25.0,27,579.0
2023-05-08 03:02:39,26.05,749.65125,19.44,572,51,45,51,03:02:59,open,closed,0,2023-05-08 03:04:00,25.0,27,579.0
2023-05-08 03:04:39,26.05,749.64374,19.58,568,50,44,50,03:04:59,open,closed,0,2023-05-08 03:06:00,25.0,27,579.8
2023-05-08 03:06:39,26.04,749.6362,19.45,570,53,45,53,03:06:59,open,closed,0,2023-05-08 03:08:00,25.0,27,579.8
2023-05-08 03:08:39,26.04,749.6212,19.46,570,53,45,53,03:08:59,open,closed,0,2023-05-08 03:10:00,25.0,27,579.5
2023-05-08 03:10:39,26.04,749.59125,19.43,569,52,45,52,03:10:59,open,closed,0,2023-05-08 03:12:00,25.0,27,579.5
2023-05-08 03:12:40,26.04,749.57623,19.48,567,52,47,52,03:12:59,open,closed,0,2023-05-08 03:14:00,25.0,27,579.5
2023-05-08 03:14:40,26.05,749.5612,19.43,566,51,44,51,03:14:59,open,closed,0,2023-05-08 03:16:00,25.0,27,579.2
2023-05-08 03:16:40,26.05,749.5612,19.6,567,48,44,48,03:16:59,open,closed,0,2023-05-08 03:18:00,25.0,27,579.2
2023-05-08 03:18:40,26.05,749.5612,19.45,568,51,44,51,03:18:59,open,closed,0,2023-05-08 03:20:00,25.0,27,579.5
2023-05-08 03:20:40,26.05,749.5612,19.44,567,53,45,53,03:20:59,open,closed,0,2023-05-08 03:22:00,25.0,27,579.5
2023-05-08 03:22:40,26.04,749.5537,19.43,567,49,44,49,03:22:59,open,closed,0,2023-05-08 03:24:00,25.0,27,579.5
2023-05-08 03:24:40,26.04,749.5462,19.5,568,51,45,51,03:24:59,open,closed,0,2023-05-08 03:26:00,25.0,27,578.4
2023-05-08 03:26:40,26.04,749.5462,19.46,567,49,45,49,03:26:59,open,closed,0,2023-05-08 03:28:00,25.0,27,578.4
2023-05-08 03:28:40,26.03,749.5462,19.5,569,53,45,53,03:28:59,open,closed,0,2023-05-08 03:30:00,25.0,27,578.5
2023-05-08 03:30:40,26.04,749.5312,19.57,566,55,46,55,03:30:59,open,closed,0,2023-05-08 03:32:00,25.0,27,578.5
2023-05-08 03:32:40,26.03,749.5387,19.42,567,50,45,50,03:32:59,open,closed,0,2023-05-08 03:34:00,25.0,27,578.5
2023-05-08 03:34:41,26.04,749.5387,19.43,567,50,44,50,03:34:59,open,closed,0,2023-05-08 03:36:00,25.0,27,578.2
2023-05-08 03:36:41,26.04,749.51624,19.3,566,52,46,52,03:36:59,open,closed,0,2023-05-08 03:38:00,25.0,27,578.2
2023-05-08 03:38:41,26.04,749.5087,19.41,566,50,44,50,03:38:59,open,closed,0,2023-05-08 03:40:00,24.9,27,576.75
2023-05-08 03:40:41,26.04,749.5087,19.53,565,49,44,49,03:40:59,open,closed,0,2023-05-08 03:42:00,24.9,27,576.75
2023-05-08 03:42:41,26.03,749.4862,19.43,566,54,46,54,03:42:59,open,closed,0,2023-05-08 03:44:00,24.9,27,576.75
2023-05-08 03:44:41,26.03,749.4862,19.48,566,52,46,52,03:44:59,open,closed,0,2023-05-08 03:46:00,24.9,27,577.6
2023-05-08 03:46:41,26.03,749.4862,19.39,565,54,45,54,03:46:59,open,closed,0,2023-05-08 03:48:00,24.9,27,577.6
2023-05-08 03:48:41,26.03,749.5012,19.5,565,53,46,53,03:48:59,open,closed,0,2023-05-08 03:50:00,24.9,27,576.25
2023-05-08 03:50:41,26.03,749.4937,19.51,566,52,45,52,03:50:59,open,closed,0,2023-05-08 03:52:00,24.9,27,576.25
2023-05-08 03:52:41,26.04,749.4937,19.5,565,52,46,52,03:52:59,open,closed,0,2023-05-08 03:54:00,24.9,27,576.25
2023-05-08 03:54:42,26.04,749.4937,19.54,564,52,45,52,03:54:59,open,closed,0,2023-05-08 03:56:00,24.9,27,576.6
2023-05-08 03:56:42,26.04,749.4937,19.45,565,51,45,51,03:56:59,open,closed,0,2023-05-08 03:58:00,24.9,27,576.6
2023-05-08 03:58:42,26.04,749.4787,19.36,566,52,45,52,03:58:59,open,closed,0,2023-05-08 04:00:00,24.9,27,576.75
2023-05-08 04:00:42,26.05,749.47125,19.37,565,51,45,51,04:00:59,open,closed,0,2023-05-08 04:02:00,24.9,27,576.75
2023-05-08 04:02:42,26.05,749.47125,19.4,565,51,45,51,04:02:59,open,closed,0,2023-05-08 04:04:00,24.9,27,576.75
2023-05-08 04:04:42,26.05,749.4862,19.41,567,54,46,54,04:04:59,open,closed,0,2023-05-08 04:06:00,24.9,27,576.8
2023-05-08 04:06:42,26.05,749.4937,19.42,567,52,44,52,04:06:59,open,closed,0,2023-05-08 04:08:00,24.9,27,576.8
2023-05-08 04:08:42,26.05,749.51624,19.42,566,52,45,52,04:08:59,open,closed,0,2023-05-08 04:10:00,24.9,27,575.0
2023-05-08 04:10:42,26.05,749.5312,19.53,567,52,44,52,04:10:59,open,closed,0,2023-05-08 04:12:00,24.9,27,575.0
2023-05-08 04:12:42,26.05,749.5387,19.35,566,52,44,52,04:12:59,open,closed,0,2023-05-08 04:14:00,24.9,27,575.0
2023-05-08 04:14:43,26.05,749.5312,19.39,565,51,45,51,04:14:59,open,closed,0,2023-05-08 04:16:00,24.9,27,576.0
2023-05-08 04:16:43,26.06,749.5312,19.36,563,54,45,54,04:16:59,open,closed,0,2023-05-08 04:18:00,24.9,27,576.0
2023-05-08 04:18:43,26.06,749.5312,19.42,563,52,44,52,04:18:59,open,closed,0,2023-05-08 04:20:00,24.9,27,575.75
2023-05-08 04:20:43,26.05,749.52374,19.5,565,50,44,50,04:20:59,open,closed,0,2023-05-08 04:22:00,24.9,27,575.75
2023-05-08 04:22:43,26.06,749.5462,19.37,565,53,46,53,04:22:59,open,closed,0,2023-05-08 04:24:00,24.9,27,575.75
2023-05-08 04:24:43,26.06,749.5612,19.5,565,52,45,52,04:24:59,open,closed,0,2023-05-08 04:26:00,24.9,27,575.4
2023-05-08 04:26:43,26.05,749.5387,19.46,563,53,44,53,04:26:59,open,closed,0,2023-05-08 04:28:00,24.9,27,575.4
2023-05-08 04:28:43,26.05,749.5537,19.45,560,50,43,50,04:28:59,open,closed,0,2023-05-08 04:30:00,24.9,27,574.25
2023-05-08 04:30:43,26.06,749.5537,19.37,562,54,46,54,04:30:59,open,closed,0,2023-05-08 04:32:00,24.9,27,574.25
2023-05-08 04:32:43,26.06,749.5612,19.38,560,51,43,51,04:32:59,open,closed,0,2023-05-08 04:34:00,24.9,27,574.25
2023-05-08 04:34:43,26.06,749.5612,19.41,562,49,43,49,04:34:59,open,closed,0,2023-05-08 04:36:00,24.9,27,574.8
2023-05-08 04:36:44,26.06,749.5612,19.4,562,50,44,50,04:36:59,open,closed,0,2023-05-08 04:38:00,24.9,27,574.8
2023-05-08 04:38:44,26.05,749.5462,19.36,562,50,44,50,04:38:59,open,closed,0,2023-05-08 04:40:00,24.9,27,573.5
2023-05-08 04:40:44,26.05,749.5387,19.49,561,47,43,47,04:40:59,open,closed,0,2023-05-08 04:42:00,24.9,27,573.5
2023-05-08 04:42:44,26.04,749.5312,19.41,561,48,44,48,04:42:59,open,closed,0,2023-05-08 04:44:00,24.9,27,573.5
2023-05-08 04:44:44,26.04,749.52374,19.53,563,52,44,52,04:44:59,open,closed,0,2023-05-08 04:46:00,24.9,27,573.0
2023-05-08 04:46:44,26.03,749.52374,19.49,561,47,43,47,04:46:59,open,closed,0,2023-05-08 04:48:00,24.9,27,573.0
2023-05-08 04:48:44,26.03,749.52374,19.37,562,52,45,52,04:48:59,open,closed,0,2023-05-08 04:50:00,24.8,27,572.5
2023-05-08 04:50:44,26.03,749.52374,19.45,561,53,45,53,04:50:59,open,closed,0,2023-05-08 04:52:00,24.8,27,572.5
2023-05-08 04:52:44,26.03,749.52374,19.41,560,49,43,49,04:52:59,open,closed,0,2023-05-08 04:54:00,24.8,27,572.5
2023-05-08 04:54:44,26.03,749.5087,19.36,559,52,45,52,04:54:59,open,closed,0,2023-05-08 04:56:00,24.8,27,572.2
2023-05-08 04:56:45,26.03,749.4937,19.44,559,50,44,50,04:56:59,open,closed,0,2023-05-08 04:58:00,24.8,27,572.2
2023-05-08 04:58:45,26.03,749.5012,19.46,559,51,43,51,04:58:59,open,closed,0,2023-05-08 05:00:00,24.8,27,571.75
2023-05-08 05:00:45,26.03,749.5087,19.41,560,50,44,50,05:00:59,open,closed,0,2023-05-08 05:02:00,24.8,27,571.75
2023-05-08 05:02:45,26.02,749.5087,19.44,560,50,44,50,05:02:59,open,closed,0,2023-05-08 05:04:00,24.8,27,571.75
2023-05-08 05:04:45,26.03,749.5312,19.51,558,50,43,50,05:04:59,open,closed,0,2023-05-08 05:06:00,24.8,27,570.6
2023-05-08 05:06:45,26.03,749.5462,19.32,558,51,44,51,05:06:59,open,closed,0,2023-05-08 05:08:00,24.8,27,570.6
2023-05-08 05:08:45,26.03,749.5462,19.44,559,50,44,50,05:08:59,open,closed,0,2023-05-08 05:10:00,24.8,27,571.5
2023-05-08 05:10:45,26.02,749.5387,19.44,560,50,42,50,05:10:59,open,closed,0,2023-05-08 05:12:00,24.8,27,571.5
2023-05-08 05:12:45,26.02,749.5462,19.51,561,51,44,51,05:12:59,open,closed,0,2023-05-08 05:14:00,24.8,27,571.5
2023-05-08 05:14:45,26.02,749.5387,19.41,561,45,42,45,05:14:59,open,closed,0,2023-05-08 05:16:00,24.8,27,571.0
2023-05-08 05:16:45,26.02,749.52374,19.49,559,50,44,50,05:16:59,open,closed,0,2023-05-08 05:18:00,24.8,27,571.0
2023-05-08 05:18:46,26.01,749.5087,19.44,559,49,43,49,05:18:59,open,closed,0,2023-05-08 05:20:00,24.8,27,570.75
2023-05-08 05:20:46,26.01,749.5012,19.44,559,51,44,51,05:20:59,open,closed,0,2023-05-08 05:22:00,24.8,27,570.75
2023-05-08 05:22:46,26.0,749.5012,19.49,559,52,44,52,05:22:59,open,closed,0,2023-05-08 05:24:00,24.8,27,570.75
2023-05-08 05:24:46,26.0,749.4937,19.39,559,50,44,50,05:24:59,open,closed,0,2023-05-08 05:26:00,24.8,27,569.0
2023-05-08 05:26:46,26.0,749.4937,19.52,558,51,43,51,05:26:59,open,closed,0,2023-05-08 05:28:00,24.8,27,569.0
2023-05-08 05:28:46,26.0,749.5012,19.58,558,50,43,50,05:28:59,open,closed,0,2023-05-08 05:30:00,24.8,27,570.0
2023-05-08 05:30:46,26.0,749.4937,19.51,559,51,43,51,05:30:59,open,closed,0,2023-05-08 05:32:00,24.8,27,570.0
2023-05-08 05:32:46,25.99,749.5087,19.4,558,50,44,50,05:32:59,open,closed,0,2023-05-08 05:34:00,24.8,27,570.0
2023-05-08 05:34:46,25.99,749.51624,19.43,559,52,44,52,05:34:59,open,closed,0,2023-05-08 05:36:00,24.8,27,569.4
2023-05-08 05:36:46,25.99,749.5087,19.46,559,49,42,49,05:36:59,open,closed,0,2023-05-08 05:38:00,24.8,27,569.4
2023-05-08 05:38:47,25.99,749.4862,19.51,558,49,43,49,05:38:59,open,closed,0,2023-05-08 05:40:00,24.8,27,570.25
2023-05-08 05:40:47,26.0,749.4862,19.44,557,48,43,48,05:40:59,open,closed,0,2023-05-08 05:42:00,24.8,27,570.25
2023-05-08 05:42:47,26.0,749.46375,19.4,557,47,42,47,05:42:59,open,closed,0,2023-05-08 05:44:00,24.8,27,570.25
2023-05-08 05:44:47,25.99,749.45624,19.54,555,50,44,50,05:44:59,open,closed,0,2023-05-08 05:46:00,24.8,27,569.0
2023-05-08 05:46:47,25.99,749.47125,19.45,555,48,43,48,05:46:59,open,closed,0,2023-05-08 05:48:00,24.8,27,569.0
2023-05-08 05:48:47,25.99,749.4787,19.48,558,50,42,50,05:48:59,open,closed,0,2023-05-08 05:50:00,24.8,27,568.5
2023-05-08 05:50:47,25.99,749.4862,19.5,556,51,43,51,05:50:59,open,closed,0,2023-05-08 05:52:00,24.8,27,568.5
2023-05-08 05:52:47,26.0,749.5012,19.41,556,51,44,51,05:52:59,open,closed,0,2023-05-08 05:54:00,24.8,27,568.5
2023-05-08 05:54:47,26.0,749.4937,19.48,556,50,43,50,05:54:59,open,closed,0,2023-05-08 05:56:00,24.8,27,568.0
2023-05-08 05:56:47,26.01,749.4862,19.54,556,50,43,50,05:56:59,open,closed,0,2023-05-08 05:58:00,24.8,27,568.0
2023-05-08 05:58:48,26.01,749.4937,19.53,554,46,42,46,05:58:59,open,closed,0,2023-05-08 06:00:00,24.8,27,567.75
2023-05-08 06:00:48,26.02,749.5087,19.39,555,51,43,51,06:00:59,open,closed,0,2023-05-08 06:02:00,24.8,27,567.75
2023-05-08 06:02:48,26.02,749.51624,19.42,556,50,44,50,06:02:59,open,closed,0,2023-05-08 06:04:00,24.8,27,567.75
2023-05-08 06:04:48,26.02,749.51624,19.46,555,48,43,48,06:04:59,open,closed,0,2023-05-08 06:06:00,24.8,27,567.2
2023-05-08 06:06:48,26.02,749.5462,19.46,557,49,43,49,06:06:59,open,closed,0,2023-05-08 06:08:00,24.8,27,567.2
2023-05-08 06:08:48,26.02,749.5687,19.45,553,50,43,50,06:08:59,open,closed,0,2023-05-08 06:10:00,24.8,27,567.75
2023-05-08 06:10:48,26.02,749.58374,19.37,553,51,43,51,06:10:59,open,closed,0,2023-05-08 06:12:00,24.8,27,567.75
2023-05-08 06:12:48,26.02,749.6138,19.49,554,46,42,46,06:12:59,open,closed,0,2023-05-08 06:14:00,24.8,27,567.75
2023-05-08 06:14:48,26.02,749.6287,19.45,556,49,43,49,06:14:59,open,closed,0,2023-05-08 06:16:00,24.8,27,568.0
2023-05-08 06:16:48,26.02,749.6362,19.53,554,49,43,49,06:16:59,open,closed,0,2023-05-08 06:18:00,24.8,27,568.0
2023-05-08 06:18:48,26.01,749.6287,19.43,554,50,43,50,06:18:59,open,closed,0,2023-05-08 06:20:00,24.8,27,567.25
2023-05-08 06:20:49,26.01,749.6737,19.37,552,52,44,52,06:20:59,open,closed,0,2023-05-08 06:22:00,24.8,27,567.25
2023-05-08 06:22:49,26.01,749.6812,19.48,551,48,42,48,06:22:59,open,closed,0,2023-05-08 06:24:00,24.8,27,567.25
2023-05-08 06:24:49,26.01,749.6662,19.46,552,47,43,47,06:24:59,open,closed,0,2023-05-08 06:26:00,24.8,27,567.2
2023-05-08 06:26:49,26.01,749.6737,19.37,551,51,43,51,06:26:59,open,closed,0,2023-05-08 06:28:00,24.8,27,567.2
2023-05-08 06:28:49,26.01,749.6887,19.44,553,48,43,48,06:28:59,open,closed,0,2023-05-08 06:30:00,24.8,27,566.25
2023-05-08 06:30:49,26.01,749.6662,19.32,553,50,44,50,06:30:59,open,closed,0,2023-05-08 06:32:00,24.8,27,566.25
2023-05-08 06:32:49,26.02,749.6887,19.51,552,48,43,48,06:32:59,open,closed,0,2023-05-08 06:34:00,24.8,27,566.25
2023-05-08 06:34:49,26.01,749.6887,19.44,553,48,42,48,06:34:59,open,closed,0,2023-05-08 06:36:00,24.8,27,565.4
2023-05-08 06:36:49,26.01,749.6737,19.53,552,48,42,48,06:36:59,open,closed,0,2023-05-08 06:38:00,24.8,27,565.4
2023-05-08 06:38:49,26.02,749.65125,19.49,552,51,43,51,06:38:59,open,closed,0,2023-05-08 06:40:00,24.8,27,566.25
2023-05-08 06:40:50,26.02,749.65125,19.49,553,47,42,47,06:40:59,open,closed,0,2023-05-08 06:42:00,24.8,27,566.25
2023-05-08 06:42:50,26.03,749.6362,19.41,553,49,42,49,06:42:59,open,closed,0,2023-05-08 06:44:00,24.8,27,566.25
2023-05-08 06:44:50,26.03,749.65875,19.43,553,51,43,51,06:44:59,open,closed,0,2023-05-08 06:46:00,24.8,27,565.2
2023-05-08 06:46:50,26.03,749.6212,19.41,551,47,41,47,06:46:59,open,closed,0,2023-05-08 06:48:00,24.8,27,565.2
2023-05-08 06:48:50,26.03,749.6212,19.38,551,49,43,49,06:48:59,open,closed,0,2023-05-08 06:50:00,24.8,27,564.75
2023-05-08 06:50:50,26.03,749.6362,19.4,552,50,43,50,06:50:59,open,closed,0,2023-05-08 06:52:00,24.8,27,564.75
2023-05-08 06:52:50,26.03,749.6287,19.5,551,48,43,48,06:52:59,open,closed,0,2023-05-08 06:54:00,24.8,27,564.75
2023-05-08 06:54:50,26.04,749.6362,19.39,550,49,43,49,06:54:59,open,closed,0,2023-05-08 06:56:00,24.9,27,564.8
2023-05-08 06:56:50,26.04,749.6138,19.46,549,50,41,50,06:56:59,open,closed,0,2023-05-08 06:58:00,24.9,27,564.8
2023-05-08 06:58:50,26.05,749.6138,19.35,551,48,41,48,06:58:59,open,closed,0,2023-05-08 07:00:00,24.8,27,563.0
2023-05-08 07:00:51,26.05,749.6138,19.4,548,48,42,48,07:00:59,open,closed,0,2023-05-08 07:02:00,24.8,27,563.0
2023-05-08 07:02:51,26.06,749.6138,19.45,549,48,41,48,07:02:59,open,closed,0,2023-05-08 07:04:00,24.8,27,563.0
2023-05-08 07:04:51,26.07,749.59875,19.41,550,51,43,51,07:04:59,open,closed,0,2023-05-08 07:06:00,24.8,27,563.0
2023-05-08 07:06:51,26.07,749.59125,19.44,549,49,42,49,07:06:59,open,closed,0,2023-05-08 07:08:00,24.8,27,563.0
2023-05-08 07:08:51,26.08,749.59125,19.5,552,47,41,47,07:08:59,open,closed,0,2023-05-08 07:10:00,24.8,27,562.25
2023-05-08 07:10:51,26.08,749.59125,19.48,551,51,43,51,07:10:59,open,closed,0,2023-05-08 07:12:00,24.8,27,562.25
2023-05-08 07:12:51,26.09,749.59125,19.41,550,49,42,49,07:12:59,open,closed,0,2023-05-08 07:14:00,24.8,27,562.25
2023-05-08 07:14:51,26.1,749.59875,19.52,550,47,41,47,07:14:59,open,closed,0,2023-05-08 07:16:00,24.8,27,562.6
2023-05-08 07:16:51,26.11,749.59125,19.38,549,46,40,46,07:16:59,open,closed,0,2023-05-08 07:18:00,24.8,27,562.6
2023-05-08 07:18:51,26.12,749.59125,19.38,550,47,42,47,07:18:59,open,closed,0,2023-05-08 07:20:00,24.9,27,561.5
2023-05-08 07:20:51,26.13,749.59125,19.33,551,47,41,47,07:20:59,open,closed,0,2023-05-08 07:22:00,24.9,27,561.5
2023-05-08 07:22:52,26.13,749.58374,19.35,550,49,42,49,07:22:59,open,closed,0,2023-05-08 07:24:00,24.9,27,561.5
2023-05-08 07:24:52,26.14,749.57623,19.31,548,46,43,46,07:24:59,open,closed,0,2023-05-08 07:26:00,24.8,27,561.25
2023-05-08 07:26:52,26.14,749.5537,19.43,549,48,43,48,07:26:59,open,closed,0,2023-05-08 07:28:00,24.8,27,561.25
2023-05-08 07:28:52,26.15,749.5312,19.34,547,49,42,49,07:28:59,open,closed,0,2023-05-08 07:30:00,24.9,27,561.4
2023-05-08 07:30:52,26.15,749.51624,19.37,549,48,42,48,07:30:59,open,closed,0,2023-05-08 07:32:00,24.9,27,561.4
2023-05-08 07:32:52,26.16,749.5012,19.36,549,49,42,49,07:32:59,open,closed,0,2023-05-08 07:34:00,24.9,27,561.4
2023-05-08 07:34:52,26.18,749.51624,19.32,547,48,41,48,07:34:59,open,closed,0,2023-05-08 07:36:00,24.9,27,560.8
2023-05-08 07:36:52,26.19,749.5087,19.36,548,48,41,48,07:36:59,open,closed,0,2023-05-08 07:38:00,24.9,27,560.8
2023-05-08 07:38:52,26.2,749.51624,19.27,548,48,42,48,07:38:59,open,closed,0,2023-05-08 07:40:00,24.9,27,561.25
2023-05-08 07:40:52,26.21,749.51624,19.37,548,50,42,50,07:40:59,open,closed,0,2023-05-08 07:42:00,24.9,27,561.25
2023-05-08 07:42:53,26.22,749.5012,19.34,548,48,42,48,07:42:59,open,closed,0,2023-05-08 07:44:00,24.9,27,561.25
2023-05-08 07:44:53,26.23,749.5087,19.2,545,50,43,50,07:44:59,open,closed,0,2023-05-08 07:46:00,24.9,27,559.0
2023-05-08 07:46:53,26.24,749.52374,19.25,549,46,42,46,07:46:59,open,closed,0,2023-05-08 07:48:00,24.9,27,559.0
2023-05-08 07:48:53,26.25,749.51624,19.25,548,48,40,48,07:48:59,open,closed,0,2023-05-08 07:50:00,24.9,27,558.75
2023-05-08 07:50:53,26.26,749.52374,19.23,547,48,41,48,07:50:59,open,closed,0,2023-05-08 07:52:00,24.9,27,558.75
2023-05-08 07:52:53,26.27,749.52374,19.3,549,47,41,47,07:52:59,open,closed,0,2023-05-08 07:54:00,24.9,27,558.75
2023-05-08 07:54:53,26.28,749.51624,19.25,548,50,43,50,07:54:59,open,closed,0,2023-05-08 07:56:00,24.9,27,559.0
2023-05-08 07:56:53,26.29,749.51624,19.23,548,47,41,47,07:56:59,open,closed,0,2023-05-08 07:58:00,24.9,27,559.0
2023-05-08 07:58:53,26.31,749.51624,19.16,545,48,43,48,07:58:59,open,closed,0,2023-05-08 08:00:00,24.9,27,558.75
2023-05-08 08:00:53,26.32,749.51624,19.23,546,47,40,47,08:00:59,open,closed,0,2023-05-08 08:02:00,24.9,27,558.75
2023-05-08 08:02:54,26.34,749.52374,19.23,547,46,40,46,08:02:59,open,closed,0,2023-05-08 08:04:00,24.9,27,558.75
2023-05-08 08:04:54,26.35,749.51624,19.2,547,50,42,50,08:04:59,open,closed,0,2023-05-08 08:06:00,24.9,27,558.8
2023-05-08 08:06:54,26.36,749.5087,19.15,546,48,42,48,08:06:59,open,closed,0,2023-05-08 08:08:00,24.9,27,558.8
2023-05-08 08:08:54,26.37,749.5012,19.2,545,45,40,45,08:08:59,open,closed,0,2023-05-08 08:10:00,24.9,27,557.5
2023-05-08 08:10:54,26.38,749.5012,19.14,545,44,40,44,08:10:59,open,closed,0,2023-05-08 08:12:00,24.9,27,557.5
2023-05-08 08:12:54,26.38,749.4787,19.15,545,46,40,46,08:12:59,open,closed,0,2023-05-08 08:14:00,24.9,27,557.5
2023-05-08 08:14:54,26.39,749.46375,19.1,545,43,40,43,08:14:59,open,closed,0,2023-05-08 08:16:00,24.9,27,558.2
2023-05-08 08:16:54,26.4,749.46375,19.16,544,47,41,47,08:16:59,open,closed,0,2023-05-08 08:18:00,24.9,27,558.2
2023-05-08 08:18:54,26.4,749.45624,19.16,543,47,41,47,08:18:59,open,closed,0,2023-05-08 08:20:00,24.9,27,557.5
2023-05-08 08:20:54,26.42,749.4487,19.11,544,50,41,50,08:20:59,open,closed,0,2023-05-08 08:22:00,24.9,27,557.5
2023-05-08 08:22:54,26.43,749.4412,19.15,541,47,41,47,08:22:59,open,closed,0,2023-05-08 08:24:00,24.9,27,557.5
2023-05-08 08:24:55,26.45,749.4487,19.13,544,44,40,44,08:24:59,open,closed,0,2023-05-08 08:26:00,24.9,27,558.0
2023-05-08 08:26:55,26.46,749.4487,19.07,545,47,40,47,08:26:59,open,closed,0,2023-05-08 08:28:00,24.9,27,558.0
2023-05-08 08:28:55,26.47,749.4487,19.05,545,44,40,44,08:28:59,open,closed,0,2023-05-08 08:30:00,24.9,27,557.6
2023-05-08 08:30:55,26.48,749.4487,19.06,546,44,40,44,08:30:59,open,closed,0,2023-05-08 08:32:00,24.9,27,557.6
2023-05-08 08:32:55,26.48,749.46375,19.07,543,50,42,50,08:32:59,open,closed,0,2023-05-08 08:34:00,24.9,27,557.6
2023-05-08 08:34:55,26.5,749.45624,19.09,543,47,41,47,08:34:59,open,closed,0,2023-05-08 08:36:00,24.9,27,556.0
2023-05-08 08:36:55,26.51,749.4412,19.05,543,48,41,48,08:36:59,open,closed,0,2023-05-08 08:38:00,24.9,27,556.0
2023-05-08 08:38:55,26.52,749.4487,19.01,542,49,42,49,08:38:59,open,closed,0,2023-05-08 08:40:00,24.9,27,555.75
2023-05-08 08:40:55,26.53,749.4412,19.01,542,46,41,46,08:40:59,open,closed,0,2023-05-08 08:42:00,24.9,27,555.75
2023-05-08 08:42:55,26.53,749.4487,19.02,541,46,41,46,08:42:59,open,closed,0,2023-05-08 08:44:00,24.9,27,555.75
2023-05-08 08:44:56,26.54,749.4412,19.02,542,47,41,47,08:44:59,open,closed,0,2023-05-08 08:46:00,24.9,27,556.0
2023-05-08 08:46:56,26.55,749.4412,19.03,541,45,40,45,08:46:59,open,closed,0,2023-05-08 08:48:00,24.9,27,556.0
2023-05-08 08:48:56,26.56,749.4337,19.02,542,48,40,48,08:48:59,open,closed,0,2023-05-08 08:50:00,24.9,27,555.75
2023-05-08 08:50:56,26.57,749.4412,19.01,543,47,40,47,08:50:59,open,closed,0,2023-05-08 08:52:00,24.9,27,555.75
2023-05-08 08:52:56,26.59,749.4263,18.99,542,45,39,45,08:52:59,open,closed,0,2023-05-08 08:54:00,24.9,27,555.75
2023-05-08 08:54:56,26.59,749.41876,19.02,540,46,41,46,08:54:59,open,closed,0,2023-05-08 08:56:00,24.9,27,555.2
2023-05-08 08:56:56,26.6,749.40375,18.96,540,46,42,46,08:56:59,open,closed,0,2023-05-08 08:58:00,24.9,27,555.2
2023-05-08 08:58:56,26.61,749.3812,18.88,545,43,39,43,08:58:59,open,closed,0,2023-05-08 09:00:00,24.9,27,554.5
2023-05-08 09:00:56,26.61,749.3737,18.99,542,47,40,47,09:00:59,open,closed,0,2023-05-08 09:02:00,24.9,27,554.5
2023-05-08 09:02:56,26.62,749.3737,18.96,541,46,40,46,09:02:59,open,closed,0,2023-05-08 09:04:00,24.9,27,554.5
2023-05-08 09:04:57,26.63,749.3512,18.88,539,49,40,49,09:04:59,open,closed,0,2023-05-08 09:06:00,25.0,27,553.5
2023-05-08 09:06:57,26.64,749.33624,19.02,541,44,38,44,09:06:59,open,closed,0,2023-05-08 09:08:00,25.0,27,553.5
2023-05-08 09:08:57,26.64,749.33624,18.98,542,46,40,46,09:08:59,open,closed,0,2023-05-08 09:10:00,24.9,27,553.8
2023-05-08 09:10:57,26.65,749.3212,18.95,540,43,39,43,09:10:59,open,closed,0,2023-05-08 09:12:00,24.9,27,553.8
2023-05-08 09:12:57,26.66,749.3212,18.98,540,45,39,45,09:12:59,open,closed,0,2023-05-08 09:14:00,24.9,27,553.8
2023-05-08 09:14:57,26.66,749.3137,18.94,542,44,39,44,09:14:59,open,closed,0,2023-05-08 09:16:00,25.0,27,553.6
2023-05-08 09:16:57,26.67,749.3137,18.95,542,45,40,45,09:16:59,open,closed,0,2023-05-08 09:18:00,25.0,27,553.6
2023-05-08 09:18:57,26.68,749.32874,18.94,540,44,40,44,09:18:59,open,closed,0,2023-05-08 09:20:00,25.0,27,552.5
2023-05-08 09:20:57,26.67,749.3062,18.99,539,46,40,46,09:20:59,open,closed,0,2023-05-08 09:22:00,25.0,27,552.5
2023-05-08 09:22:57,26.68,749.2987,18.93,538,46,39,46,09:22:59,open,closed,0,2023-05-08 09:24:00,25.0,27,552.5
2023-05-08 09:24:57,26.69,749.3062,18.9,540,44,39,44,09:24:59,open,closed,0,2023-05-08 09:26:00,25.0,27,553.2
2023-05-08 09:26:58,26.69,749.28375,18.97,539,47,41,47,09:26:59,open,closed,0,2023-05-08 09:28:00,25.0,27,553.2
2023-05-08 09:28:58,26.69,749.28375,18.9,539,42,38,42,09:28:59,open,closed,0,2023-05-08 09:30:00,25.0,27,553.0
2023-05-08 09:30:58,26.71,749.28375,18.92,539,43,39,43,09:30:59,open,closed,0,2023-05-08 09:32:00,25.0,27,553.0
2023-05-08 09:32:58,26.71,749.27625,18.92,540,45,40,45,09:32:59,open,closed,0,2023-05-08 09:34:00,25.0,27,553.0
2023-05-08 09:34:58,26.71,749.26874,18.91,539,45,39,45,09:34:59,open,closed,0,2023-05-08 09:36:00,25.0,27,553.2
2023-05-08 09:36:58,26.72,749.2537,18.87,539,46,40,46,09:36:59,open,closed,0,2023-05-08 09:38:00,25.0,27,553.2
2023-05-08 09:38:58,26.72,749.2237,18.9,538,44,39,44,09:38:59,open,closed,0,2023-05-08 09:40:00,25.0,27,554.0
2023-05-08 09:40:58,26.74,749.2162,18.87,538,45,40,45,09:40:59,open,closed,0,2023-05-08 09:42:00,25.0,27,554.0
2023-05-08 09:42:58,26.74,749.2162,18.84,537,46,40,46,09:42:59,open,closed,0,2023-05-08 09:44:00,25.0,27,554.0
2023-05-08 09:44:58,26.75,749.2012,18.87,537,42,37,42,09:44:59,open,closed,0,2023-05-08 09:46:00,25.0,27,553.2
2023-05-08 09:46:59,26.75,749.1937,18.88,538,46,39,46,09:46:59,open,closed,0,2023-05-08 09:48:00,25.0,27,553.2
2023-05-08 09:48:59,26.76,749.1562,18.88,539,43,38,43,09:48:59,open,closed,0,2023-05-08 09:50:00,25.0,27,551.6
2023-05-08 09:50:59,26.76,749.1562,18.89,539,45,40,45,09:50:59,open,closed,0,2023-05-08 09:52:00,25.0,27,551.6
2023-05-08 09:52:59,26.77,749.14874,18.86,537,44,38,44,09:52:59,open,closed,0,2023-05-08 09:54:00,25.0,27,551.6
2023-05-08 09:54:59,26.77,749.1337,18.88,537,41,37,41,09:54:59,open,closed,0,2023-05-08 09:56:00,25.0,27,550.75
2023-05-08 09:56:59,26.78,749.1187,18.91,535,46,39,46,09:56:59,open,closed,0,2023-05-08 09:58:00,25.0,27,550.75
2023-05-08 09:58:59,26.78,749.1112,18.88,536,41,38,41,09:58:59,open,closed,0,2023-05-08 10:00:00,25.0,27,550.5
2023-05-08 10:00:59,26.79,749.1187,18.87,538,44,40,44,10:00:59,open,closed,0,2023-05-08 10:02:00,25.0,27,550.5
2023-05-08 10:02:59,26.79,749.1112,18.85,537,47,40,47,10:02:59,open,closed,0,2023-05-08 10:04:00,25.0,27,550.5
2023-05-08 10:04:59,26.79,749.1037,18.87,538,45,41,45,10:04:59,open,closed,0,2023-05-08 10:06:00,25.0,27,550.8
2023-05-08 10:07:00,26.8,749.0962,18.86,537,44,40,44,10:06:59,open,closed,0,2023-05-08 10:08:00,25.0,27,550.8
2023-05-08 10:09:00,26.81,749.0962,18.87,537,46,40,46,10:08:59,open,closed,0,2023-05-08 10:10:00,25.0,27,550.0
2023-05-08 10:11:00,26.82,749.0962,18.84,536,46,41,46,10:10:59,open,closed,0,2023-05-08 10:12:00,25.0,27,550.0
2023-05-08 10:13:00,26.82,749.0812,18.88,536,44,40,44,10:12:59,open,closed,0,2023-05-08 10:14:00,25.0,27,550.0
2023-05-08 10:15:00,26.83,749.07367,18.83,536,43,39,43,10:14:59,open,closed,0,2023-05-08 10:16:00,25.0,27,549.5
2023-05-08 10:17:00,26.83,749.0812,18.84,537,44,39,44,10:16:59,open,closed,0,2023-05-08 10:18:00,25.0,27,549.5
2023-05-08 10:19:00,26.83,749.06616,18.82,537,42,38,42,10:18:59,open,closed,0,2023-05-08 10:20:00,25.0,27,550.0
2023-05-08 10:21:00,26.83,749.0512,18.84,539,43,38,43,10:20:59,open,closed,0,2023-05-08 10:22:00,25.0,27,550.0
2023-05-08 10:23:00,26.84,749.0362,18.81,540,44,39,44,10:22:59,open,closed,0,2023-05-08 10:24:00,25.0,27,550.0
2023-05-08 10:25:00,26.84,749.0437,18.85,538,46,38,46,10:24:59,open,closed,0,2023-05-08 10:26:00,25.0,27,549.5
2023-05-08 10:27:00,26.85,749.0512,18.83,538,44,38,44,10:26:59,open,closed,0,2023-05-08 10:28:00,25.0,27,549.5
2023-05-08 10:29:01,26.86,749.0437,18.87,538,46,40,46,10:28:59,open,closed,0,2023-05-08 10:30:00,25.0,27,549.5
2023-05-08 10:31:01,26.87,749.0437,18.8,537,45,38,45,10:30:59,open,closed,0,2023-05-08 10:32:00,25.0,27,549.5
2023-05-08 10:33:01,26.87,749.0362,18.81,536,41,37,41,10:32:59,open,closed,0,2023-05-08 10:34:00,25.0,27,549.5
2023-05-08 10:35:01,26.88,749.0362,18.84,535,43,37,43,10:34:59,open,closed,0,2023-05-08 10:36:00,25.0,27,549.0
2023-05-08 10:37:01,26.88,749.0362,18.82,535,43,39,43,10:36:59,open,closed,0,2023-05-08 10:38:00,25.0,27,549.0
2023-05-08 10:39:01,26.88,749.0287,18.83,535,43,36,43,10:38:59,open,closed,0,2023-05-08 10:40:00,25.0,27,549.25
2023-05-08 10:41:01,26.88,749.0212,18.83,536,45,38,45,10:40:59,open,closed,0,2023-05-08 10:42:00,25.0,27,549.25
2023-05-08 10:43:01,26.89,749.0062,18.8,535,45,39,45,10:42:59,open,closed,0,2023-05-08 10:44:00,25.0,27,549.25
2023-05-08 10:45:01,26.89,749.0137,18.8,536,42,38,42,10:44:59,open,closed,0,2023-05-08 10:46:00,25.0,27,549.0
2023-05-08 10:47:01,26.91,749.0212,18.83,535,45,38,45,10:46:59,open,closed,0,2023-05-08 10:48:00,25.0,27,549.0
2023-05-08 10:49:02,26.91,749.0287,18.83,538,44,38,44,10:48:59,open,closed,0,2023-05-08 10:50:00,25.0,27,548.75
2023-05-08 10:51:02,26.92,749.0212,18.79,535,42,38,42,10:50:59,open,closed,0,2023-05-08 10:52:00,25.0,27,548.75
2023-05-08 10:53:02,26.92,748.9987,18.8,537,43,37,43,10:52:59,open,closed,0,2023-05-08 10:54:00,25.0,27,548.75
2023-05-08 10:55:02,26.93,748.9912,18.77,535,42,39,42,10:54:59,open,closed,0,2023-05-08 10:56:00,25.0,27,548.8
2023-05-08 10:57:02,26.93,748.9912,18.77,532,42,38,42,10:56:59,open,closed,0,2023-05-08 10:58:00,25.0,27,548.8
2023-05-08 10:59:02,26.93,749.0062,18.79,534,41,37,41,10:58:59,open,closed,0,2023-05-08 11:00:00,25.0,27,548.5
2023-05-08 11:01:02,26.92,749.0062,18.79,536,46,39,46,11:00:59,open,closed,0,2023-05-08 11:02:00,25.0,27,548.5
2023-05-08 11:03:02,26.92,748.9912,18.8,535,41,36,41,11:02:59,open,closed,0,2023-05-08 11:04:00,25.0,27,548.5
2023-05-08 11:05:02,26.92,748.9762,18.76,534,42,37,42,11:04:59,open,closed,0,2023-05-08 11:06:00,25.0,27,548.6
2023-05-08 11:07:02,26.93,748.9612,18.8,534,43,37,43,11:06:59,open,closed,0,2023-05-08 11:08:00,25.0,27,548.6
2023-05-08 11:09:03,26.93,748.94617,18.79,534,44,37,44,11:08:59,open,closed,0,2023-05-08 11:10:00,25.0,27,547.25
2023-05-08 11:11:03,26.93,748.93866,18.78,534,41,37,41,11:10:59,open,closed,0,2023-05-08 11:12:00,25.0,27,547.25
2023-05-08 11:13:03,26.94,748.92365,18.78,532,42,37,42,11:12:59,open,closed,0,2023-05-08 11:14:00,25.0,27,547.25
2023-05-08 11:15:03,26.95,748.9087,18.79,533,44,39,44,11:14:59,open,closed,0,2023-05-08 11:16:00,25.0,27,547.0
2023-05-08 11:17:03,26.95,748.8937,18.78,533,45,38,45,11:16:59,open,closed,0,2023-05-08 11:18:00,25.0,27,547.0
2023-05-08 11:19:03,26.96,748.87866,18.78,533,42,36,42,11:18:59,open,closed,0,2023-05-08 11:20:00,25.0,27,547.25
2023-05-08 11:21:03,26.96,748.8637,18.8,535,41,36,41,11:20:59,open,closed,0,2023-05-08 11:22:00,25.0,27,547.25
2023-05-08 11:23:03,26.97,748.8637,18.76,533,42,39,42,11:22:59,open,closed,0,2023-05-08 11:24:00,25.0,27,547.25
2023-05-08 11:25:03,26.97,748.8562,18.79,533,41,37,41,11:24:59,open,closed,0,2023-05-08 11:26:00,25.0,27,547.4
2023-05-08 11:27:03,26.96,748.8412,18.8,533,43,39,43,11:26:59,open,closed,0,2023-05-08 11:28:00,25.0,27,547.4
2023-05-08 11:29:03,26.96,748.8412,18.79,531,42,37,42,11:28:59,open,closed,0,2023-05-08 11:30:00,25.0,27,546.0
2023-05-08 11:31:04,26.97,748.8262,18.79,533,41,37,41,11:30:59,open,closed,0,2023-05-08 11:32:00,25.0,27,546.0
2023-05-08 11:33:04,26.97,748.81866,18.82,533,42,37,42,11:32:59,open,closed,0,2023-05-08 11:34:00,25.0,27,546.0
2023-05-08 11:35:04,26.97,748.8262,18.78,532,41,37,41,11:34:59,open,closed,0,2023-05-08 11:36:00,25.0,27,545.8
2023-05-08 11:37:04,26.97,748.80365,18.78,532,42,37,42,11:36:59,open,closed,0,2023-05-08 11:38:00,25.0,27,545.8
2023-05-08 11:39:04,26.98,748.80365,18.8,535,42,37,42,11:38:59,open,closed,0,2023-05-08 11:40:00,25.0,27,546.5
2023-05-08 11:41:04,26.99,748.81116,18.77,535,44,38,44,11:40:59,open,closed,0,2023-05-08 11:42:00,25.0,27,546.5
2023-05-08 11:43:03,27.0,748.81116,18.79,534,42,37,42,11:42:59,open,closed,0,2023-05-08 11:44:00,25.0,27,546.5
2023-05-08 11:45:03,27.0,748.80365,18.74,534,42,38,42,11:44:59,open,closed,0,2023-05-08 11:46:00,25.0,27,545.4
2023-05-08 11:47:03,27.01,748.79614,18.79,533,43,37,43,11:46:59,open,closed,0,2023-05-08 11:48:00,25.0,27,545.4
2023-05-08 11:49:03,27.01,748.7811,18.78,533,40,36,40,11:48:59,open,closed,0,2023-05-08 11:50:00,25.0,27,543.75
2023-05-08 11:51:04,27.01,748.7662,18.77,532,44,37,44,11:50:59,open,closed,0,2023-05-08 11:52:00,25.0,27,543.75
2023-05-08 11:53:04,27.01,748.74365,18.8,533,42,37,42,11:52:59,open,closed,0,2023-05-08 11:54:00,25.0,27,543.75
2023-05-08 11:55:04,27.02,748.74365,18.78,533,40,37,40,11:54:59,open,closed,0,2023-05-08 11:56:00,25.0,27,544.0
2023-05-08 11:57:04,27.02,748.7212,18.74,531,41,37,41,11:56:59,open,closed,0,2023-05-08 11:58:00,25.0,27,544.0
2023-05-08 11:59:04,27.02,748.7062,18.77,530,42,37,42,11:58:59,open,closed,0,2023-05-08 12:00:00,25.0,27,544.25
2023-05-08 12:01:04,27.02,748.69867,18.78,529,42,38,42,12:00:59,open,closed,0,2023-05-08 12:02:00,25.0,27,544.25
2023-05-08 12:03:04,27.02,748.68365,18.81,529,40,36,40,12:02:59,open,closed,0,2023-05-08 12:04:00,25.0,27,544.25
2023-05-08 12:05:04,27.03,748.68365,18.75,533,42,37,42,12:04:59,open,closed,0,2023-05-08 12:06:00,25.0,27,544.0
2023-05-08 12:07:04,27.03,748.6536,18.77,531,42,36,42,12:06:59,open,closed,0,2023-05-08 12:08:00,25.0,27,544.0
2023-05-08 12:09:04,27.03,748.63116,18.8,531,41,36,41,12:08:59,open,closed,0,2023-05-08 12:10:00,25.0,27,544.0
2023-05-08 12:11:05,27.03,748.60114,18.77,530,43,36,43,12:10:59,open,closed,0,2023-05-08 12:12:00,25.0,27,544.0
2023-05-08 12:13:05,27.04,748.5936,18.79,533,43,37,43,12:12:59,open,closed,0,2023-05-08 12:14:00,25.0,27,544.0
2023-05-08 12:15:05,27.04,748.5862,18.78,531,41,36,41,12:14:59,open,closed,0,2023-05-08 12:16:00,25.0,27,542.8
2023-05-08 12:17:05,27.05,748.5787,18.74,532,38,34,38,12:16:59,open,closed,0,2023-05-08 12:18:00,25.0,27,542.8
2023-05-08 12:19:05,27.05,748.57117,18.76,532,41,36,41,12:18:59,open,closed,0,2023-05-08 12:20:00,25.1,27,542.8
2023-05-08 12:21:05,27.05,748.56366,18.74,530,41,35,41,12:20:59,open,closed,0,2023-05-08 12:22:00,25.1,27,542.8
2023-05-08 12:23:05,27.05,748.5337,18.78,529,43,37,43,12:22:59,open,closed,0,2023-05-08 12:24:00,25.1,27,542.8
2023-05-08 12:25:05,27.06,748.5187,18.77,530,39,35,39,12:24:59,open,closed,0,2023-05-08 12:26:00,25.1,27,542.0
2023-05-08 12:27:05,27.06,748.5036,18.78,530,41,36,41,12:26:59,open,closed,0,2023-05-08 12:28:00,25.1,27,542.0
2023-05-08 12:29:05,27.06,748.48865,18.76,531,39,34,39,12:28:59,open,closed,0,2023-05-08 12:30:00,25.1,27,541.25
2023-05-08 12:31:05,27.06,748.48114,18.74,530,39,35,39,12:30:59,open,closed,0,2023-05-08 12:32:00,25.1,27,541.25
2023-05-08 12:33:06,27.06,748.47363,18.77,530,40,35,40,12:32:59,open,closed,0,2023-05-08 12:34:00,25.1,27,541.25
2023-05-08 12:35:06,27.06,748.4586,18.77,530,41,35,41,12:34:59,open,closed,0,2023-05-08 12:36:00,25.1,27,541.8
2023-05-08 12:37:06,27.06,748.4511,18.74,530,39,35,39,12:36:59,open,closed,0,2023-05-08 12:38:00,25.1,27,541.8
2023-05-08 12:39:06,27.07,748.42114,18.76,531,41,34,41,12:38:59,open,closed,0,2023-05-08 12:40:00,25.1,27,541.75
2023-05-08 12:41:06,27.06,748.42114,18.77,529,40,35,40,12:40:59,open,closed,0,2023-05-08 12:42:00,25.1,27,541.75
2023-05-08 12:43:06,27.06,748.41364,18.78,530,42,37,42,12:42:59,open,closed,0,2023-05-08 12:44:00,25.1,27,541.75
2023-05-08 12:45:06,27.06,748.4061,18.77,528,41,35,41,12:44:59,open,closed,0,2023-05-08 12:46:00,25.1,27,542.0
2023-05-08 12:47:06,27.07,748.3987,18.76,529,39,34,39,12:46:59,open,closed,0,2023-05-08 12:48:00,25.1,27,542.0
2023-05-08 12:49:06,27.07,748.3912,18.78,528,42,37,42,12:48:59,open,closed,0,2023-05-08 12:50:00,25.1,27,541.5
2023-05-08 12:51:06,27.07,748.38367,18.76,529,41,36,41,12:50:59,open,closed,0,2023-05-08 12:52:00,25.1,27,541.5
2023-05-08 12:53:07,27.08,748.37616,18.74,528,41,36,41,12:52:59,open,closed,0,2023-05-08 12:54:00,25.1,27,541.5
2023-05-08 12:55:07,27.08,748.36865,18.81,529,40,35,40,12:54:59,open,closed,0,2023-05-08 12:56:00,25.2,27,540.8
2023-05-08 12:57:07,27.08,748.36115,18.76,528,41,36,41,12:56:59,open,closed,0,2023-05-08 12:58:00,25.2,27,540.8
2023-05-08 12:59:07,27.08,748.3311,18.77,529,39,35,39,12:58:59,open,closed,0,2023-05-08 13:00:00,25.2,27,540.0
2023-05-08 13:01:07,27.08,748.3236,18.77,528,40,35,40,13:00:59,open,closed,0,2023-05-08 13:02:00,25.2,27,540.0
2023-05-08 13:03:07,27.09,748.3161,18.79,530,39,34,39,13:02:59,open,closed,0,2023-05-08 13:04:00,25.2,27,540.0
2023-05-08 13:05:07,27.09,748.3086,18.79,531,39,34,39,13:04:59,open,closed,0,2023-05-08 13:06:00,25.2,27,540.4
2023-05-08 13:07:07,27.09,748.2786,18.8,529,39,34,39,13:06:59,open,closed,0,2023-05-08 13:08:00,25.2,27,540.4
2023-05-08 13:09:07,27.08,748.24866,18.76,529,43,37,43,13:08:59,open,closed,0,2023-05-08 13:10:00,25.2,27,539.25
2023-05-08 13:11:07,27.09,748.24115,18.78,528,39,34,39,13:10:59,open,closed,0,2023-05-08 13:12:00,25.2,27,539.25
2023-05-08 13:13:07,27.09,748.2111,18.81,527,43,35,43,13:12:59,open,closed,0,2023-05-08 13:14:00,25.2,27,539.25
2023-05-08 13:15:08,27.09,748.1961,18.78,527,43,35,43,13:14:59,open,closed,0,2023-05-08 13:16:00,25.2,27,539.0
2023-05-08 13:17:08,27.1,748.1736,18.75,528,40,34,40,13:16:59,open,closed,0,2023-05-08 13:18:00,25.2,27,539.0
2023-05-08 13:19:08,27.11,748.1436,18.79,527,39,35,39,13:18:59,open,closed,0,2023-05-08 13:20:00,25.2,27,539.75
2023-05-08 13:21:08,27.1,748.1361,18.76,526,39,35,39,13:20:59,open,closed,0,2023-05-08 13:22:00,25.2,27,539.75
2023-05-08 13:23:08,27.1,748.1286,18.75,526,40,35,40,13:22:59,open,closed,0,2023-05-08 13:24:00,25.2,27,539.75
2023-05-08 13:25:08,27.1,748.1286,18.77,527,39,35,39,13:24:59,open,closed,0,2023-05-08 13:26:00,25.2,27,540.2
2023-05-08 13:27:08,27.1,748.11365,18.79,528,40,34,40,13:26:59,open,closed,0,2023-05-08 13:28:00,25.2,27,540.2
2023-05-08 13:29:08,27.1,748.0836,18.76,526,42,36,42,13:28:59,open,closed,0,2023-05-08 13:30:00,25.2,27,539.75
2023-05-08 13:31:08,27.1,748.0686,18.78,527,39,36,39,13:30:59,open,closed,0,2023-05-08 13:32:00,25.2,27,539.75
2023-05-08 13:33:08,27.1,748.0461,18.77,527,42,35,42,13:32:59,open,closed,0,2023-05-08 13:34:00,25.2,27,539.75
2023-05-08 13:35:09,27.1,748.03107,18.78,525,40,35,40,13:34:59,open,closed,0,2023-05-08 13:36:00,25.2,27,540.4
2023-05-08 13:37:09,27.11,748.0161,18.77,525,42,35,42,13:36:59,open,closed,0,2023-05-08 13:38:00,25.2,27,540.4
2023-05-08 13:39:09,27.1,747.9861,18.77,527,43,35,43,13:38:59,open,closed,0,2023-05-08 13:40:00,25.2,27,538.5
2023-05-08 13:41:09,27.11,747.9786,18.76,527,39,35,39,13:40:59,open,closed,0,2023-05-08 13:42:00,25.2,27,538.5
2023-05-08 13:43:09,27.12,747.9486,18.77,526,40,35,40,13:42:59,open,closed,0,2023-05-08 13:44:00,25.2,27,538.5
2023-05-08 13:45:09,27.12,747.9261,18.76,525,39,35,39,13:44:59,open,closed,0,2023-05-08 13:46:00,25.2,27,537.0
2023-05-08 13:47:09,27.12,747.9111,18.73,525,40,34,40,13:46:59,open,closed,0,2023-05-08 13:48:00,25.2,27,537.0
2023-05-08 13:49:09,27.12,747.8811,18.78,525,39,33,39,13:48:59,open,closed,0,2023-05-08 13:50:00,25.2,27,538.2
2023-05-08 13:51:09,27.12,747.8586,18.75,524,39,33,39,13:50:59,open,closed,0,2023-05-08 13:52:00,25.2,27,538.2
2023-05-08 13:53:09,27.12,747.8361,18.78,524,39,35,39,13:52:59,open,closed,0,2023-05-08 13:54:00,25.2,27,538.2
2023-05-08 13:55:10,27.12,747.8061,18.77,526,37,33,37,13:54:59,open,closed,0,2023-05-08 13:56:00,25.2,27,538.6
2023-05-08 13:57:10,27.12,747.78357,18.78,526,40,34,40,13:56:59,open,closed,0,2023-05-08 13:58:00,25.2,27,538.6
2023-05-08 13:59:10,27.12,747.76105,18.76,526,39,34,39,13:58:59,open,closed,0,2023-05-08 14:00:00,25.2,27,537.75
2023-05-08 14:01:10,27.12,747.74603,18.75,523,39,34,39,14:00:59,open,closed,0,2023-05-08 14:02:00,25.2,27,537.75
2023-05-08 14:03:10,27.12,747.7236,18.78,524,42,34,42,14:02:59,open,closed,0,2023-05-08 14:04:00,25.2,27,537.75
2023-05-08 14:05:10,27.12,747.6861,18.75,524,37,34,37,14:04:59,open,closed,0,2023-05-08 14:06:00,25.3,27,538.2
2023-05-08 14:07:10,27.12,747.6711,18.76,525,36,33,36,14:06:59,open,closed,0,2023-05-08 14:08:00,25.3,27,538.2
2023-05-08 14:09:10,27.12,747.65607,18.75,524,40,35,40,14:08:59,open,closed,0,2023-05-08 14:10:00,25.3,27,538.0
2023-05-08 14:11:10,27.11,747.6186,18.81,525,36,33,36,14:10:59,open,closed,0,2023-05-08 14:12:00,25.3,27,538.0
2023-05-08 14:13:10,27.11,747.6111,18.76,523,38,35,38,14:12:59,open,closed,0,2023-05-08 14:14:00,25.3,27,538.0
2023-05-08 14:15:10,27.1,747.59607,18.8,523,39,34,39,14:14:59,open,closed,0,2023-05-08 14:16:00,25.3,27,537.6
2023-05-08 14:17:11,27.1,747.58856,18.8,522,41,35,41,14:16:59,open,closed,0,2023-05-08 14:18:00,25.3,27,537.6
2023-05-08 14:19:11,27.1,747.58105,18.81,522,42,35,42,14:18:59,open,closed,0,2023-05-08 14:20:00,25.3,27,537.0
2023-05-08 14:21:11,27.11,747.57355,18.79,523,37,34,37,14:20:59,open,closed,0,2023-05-08 14:22:00,25.3,27,537.0
2023-05-08 14:23:11,27.11,747.55853,18.78,523,40,35,40,14:22:59,open,closed,0,2023-05-08 14:24:00,25.3,27,537.0
2023-05-08 14:25:11,27.11,747.5361,18.78,521,40,34,40,14:24:59,open,closed,0,2023-05-08 14:26:00,25.3,27,536.0
2023-05-08 14:27:11,27.1,747.5061,18.78,524,38,33,38,14:26:59,open,closed,0,2023-05-08 14:28:00,25.3,27,536.0
2023-05-08 14:29:11,27.11,747.4836,18.81,521,40,35,40,14:28:59,open,closed,0,2023-05-08 14:30:00,25.3,27,536.25
2023-05-08 14:31:11,27.11,747.46857,18.8,523,37,33,37,14:30:59,open,closed,0,2023-05-08 14:32:00,25.3,27,536.25
2023-05-08 14:33:11,27.11,747.4761,18.77,522,38,35,38,14:32:59,open,closed,0,2023-05-08 14:34:00,25.3,27,536.25
2023-05-08 14:35:11,27.11,747.46106,18.79,522,40,34,40,14:34:59,open,closed,0,2023-05-08 14:36:00,25.3,27,536.2
2023-05-08 14:37:12,27.11,747.44604,18.78,522,38,33,38,14:36:59,open,closed,0,2023-05-08 14:38:00,25.3,27,536.2
2023-05-08 14:39:12,27.12,747.40857,18.8,520,39,33,39,14:38:59,open,closed,0,2023-05-08 14:40:00,25.3,27,535.75
2023-05-08 14:41:12,27.11,747.37103,18.79,520,38,34,38,14:40:59,open,closed,0,2023-05-08 14:42:00,25.3,27,535.75
2023-05-08 14:43:12,27.12,747.3636,18.75,522,41,35,41,14:42:59,open,closed,0,2023-05-08 14:44:00,25.3,27,535.75
2023-05-08 14:45:12,27.12,747.3636,18.78,519,38,33,38,14:44:59,open,closed,0,2023-05-08 14:46:00,25.3,27,534.4
2023-05-08 14:47:12,27.12,747.3486,18.76,518,39,35,39,14:46:59,open,closed,0,2023-05-08 14:48:00,25.3,27,534.4
2023-05-08 14:49:12,27.12,747.32605,18.79,519,38,34,38,14:48:59,open,closed,0,2023-05-08 14:50:00,25.3,27,534.5
2023-05-08 14:51:12,27.12,747.33356,18.74,519,40,35,40,14:50:59,open,closed,0,2023-05-08 14:52:00,25.3,27,534.5
2023-05-08 14:53:12,27.12,747.31104,18.76,519,43,35,43,14:52:59,open,closed,0,2023-05-08 14:54:00,25.3,27,534.5
2023-05-08 14:55:12,27.12,747.31854,18.77,516,38,35,38,14:54:59,open,closed,0,2023-05-08 14:56:00,25.3,27,532.8
2023-05-08 14:57:13,27.13,747.2885,18.75,514,42,35,42,14:56:59,open,closed,0,2023-05-08 14:58:00,25.3,27,532.8
2023-05-08 14:59:13,27.12,747.2885,18.77,518,42,36,42,14:58:59,open,closed,0,2023-05-08 15:00:00,25.3,27,532.5
2023-05-08 15:01:13,27.12,747.27356,18.77,517,41,35,41,15:00:59,open,closed,0,2023-05-08 15:02:00,25.3,27,532.5
2023-05-08 15:03:13,27.13,747.281,18.73,516,34,32,34,15:02:59,open,closed,0,2023-05-08 15:04:00,25.3,27,532.5
2023-05-08 15:05:13,27.13,747.27356,18.75,515,39,35,39,15:04:59,open,closed,0,2023-05-08 15:06:00,25.3,27,530.6
2023-05-08 15:07:13,27.12,747.2435,18.77,513,38,35,38,15:06:59,open,closed,0,2023-05-08 15:08:00,25.3,27,530.6
2023-05-08 15:09:13,27.11,747.2285,18.77,513,42,35,42,15:08:59,open,closed,0,2023-05-08 15:10:00,25.3,27,529.5
2023-05-08 15:11:13,27.11,747.2285,18.77,514,42,36,42,15:10:59,open,closed,0,2023-05-08 15:12:00,25.3,27,529.5
2023-05-08 15:13:13,27.12,747.22107,18.78,513,39,35,39,15:12:59,open,closed,0,2023-05-08 15:14:00,25.3,27,529.5
2023-05-08 15:15:13,27.12,747.21356,18.76,513,43,37,43,15:14:59,open,closed,0,2023-05-08 15:16:00,25.3,27,529.8
2023-05-08 15:17:13,27.12,747.19855,18.75,514,41,35,41,15:16:59,open,closed,0,2023-05-08 15:18:00,25.3,27,529.8
2023-05-08 15:19:14,27.13,747.19104,18.76,514,39,33,39,15:18:59,open,closed,0,2023-05-08 15:20:00,25.3,27,528.5
2023-05-08 15:21:14,27.13,747.1685,18.76,512,43,38,43,15:20:59,open,closed,0,2023-05-08 15:22:00,25.3,27,528.5
2023-05-08 15:23:14,27.13,747.146,18.79,511,40,35,40,15:22:59,open,closed,0,2023-05-08 15:24:00,25.3,27,528.5
2023-05-08 15:25:14,27.13,747.13104,18.75,513,39,35,39,15:24:59,open,closed,0,2023-05-08 15:26:00,25.3,27,529.0
2023-05-08 15:27:14,27.13,747.13104,18.75,512,38,33,38,15:26:59,open,closed,0,2023-05-08 15:28:00,25.3,27,529.0
2023-05-08 15:29:14,27.12,747.12354,18.8,511,41,35,41,15:28:59,open,closed,0,2023-05-08 15:30:00,25.3,27,527.75
2023-05-08 15:31:14,27.12,747.101,18.75,511,38,34,38,15:30:59,open,closed,0,2023-05-08 15:32:00,25.3,27,527.75
2023-05-08 15:33:14,27.12,747.08606,18.74,511,40,34,40,15:32:59,open,closed,0,2023-05-08 15:34:00,25.3,27,527.75
2023-05-08 15:35:14,27.12,747.0485,18.77,510,42,35,42,15:34:59,open,closed,0,2023-05-08 15:36:00,25.3,27,526.8
2023-05-08 15:37:14,27.12,747.056,18.74,510,41,35,41,15:36:59,open,closed,0,2023-05-08 15:38:00,25.3,27,526.8
2023-05-08 15:39:15,27.12,747.0335,18.75,512,38,34,38,15:38:59,open,closed,0,2023-05-08 15:40:00,25.3,27,526.25
2023-05-08 15:41:15,27.13,747.0035,18.79,510,41,34,41,15:40:59,open,closed,0,2023-05-08 15:42:00,25.3,27,526.25
2023-05-08 15:43:15,27.13,746.996,18.75,509,40,34,40,15:42:59,open,closed,0,2023-05-08 15:44:00,25.3,27,526.25
2023-05-08 15:45:15,27.13,746.9885,18.74,511,41,35,41,15:44:59,open,closed,0,2023-05-08 15:46:00,25.3,27,526.8
2023-05-08 15:47:15,27.13,746.9585,18.75,509,38,34,38,15:46:59,open,closed,0,2023-05-08 15:48:00,25.3,27,526.8
2023-05-08 15:49:15,27.13,746.94354,18.76,509,38,34,38,15:48:59,open,closed,0,2023-05-08 15:50:00,25.3,27,527.0
2023-05-08 15:51:15,27.13,746.9285,18.78,509,39,34,39,15:50:59,open,closed,0,2023-05-08 15:52:00,25.3,27,527.0
2023-05-08 15:53:15,27.12,746.9135,18.72,509,42,36,42,15:52:59,open,closed,0,2023-05-08 15:54:00,25.3,27,527.0
2023-05-08 15:55:15,27.12,746.89105,18.77,508,40,34,40,15:54:59,open,closed,0,2023-05-08 15:56:00,25.3,27,527.6
2023-05-08 15:57:15,27.12,746.89105,18.78,509,41,35,41,15:56:59,open,closed,0,2023-05-08 15:58:00,25.3,27,527.6
2023-05-08 15:59:16,27.12,746.86096,18.79,510,42,35,42,15:58:59,open,closed,0,2023-05-08 16:00:00,25.3,27,530.8
2023-05-08 16:01:16,27.12,746.8385,18.76,507,38,35,38,16:00:59,open,closed,0,2023-05-08 16:02:00,25.3,27,530.8
2023-05-08 16:03:16,27.12,746.816,18.79,509,42,35,42,16:02:59,open,closed,0,2023-05-08 16:04:00,25.3,27,530.8
2023-05-08 16:05:16,27.12,746.7935,18.75,509,42,35,42,16:04:59,open,closed,0,2023-05-08 16:06:00,25.3,27,555.25
2023-05-08 16:07:16,27.12,746.7785,18.74,509,42,35,42,16:06:59,open,closed,0,2023-05-08 16:08:00,25.3,27,555.25
2023-05-08 16:09:16,27.12,746.74854,18.8,510,39,34,39,16:08:59,open,closed,0,2023-05-08 16:10:00,25.3,27,538.25
2023-05-08 16:11:16,27.13,746.741,18.76,508,39,35,39,16:10:59,open,closed,0,2023-05-08 16:12:00,25.3,27,538.25
2023-05-08 16:13:16,27.12,746.741,18.79,510,39,34,39,16:12:59,open,closed,0,2023-05-08 16:14:00,25.3,27,538.25
2023-05-08 16:15:16,27.13,746.7185,18.83,511,41,36,41,16:14:59,open,closed,0,2023-05-08 16:16:00,25.3,26,519.0
2023-05-08 16:17:16,27.12,746.7035,18.86,511,40,35,40,16:16:59,open,closed,0,2023-05-08 16:18:00,25.3,26,519.0
2023-05-08 16:19:16,27.12,746.6585,18.86,510,41,35,41,16:18:59,open,closed,0,2023-05-08 16:20:00,25.4,26,506.5
2023-05-08 16:21:17,27.12,746.6285,18.87,511,42,36,42,16:20:59,open,closed,0,2023-05-08 16:22:00,25.4,26,506.5
2023-05-08 16:23:17,27.11,746.6285,18.89,511,41,37,41,16:22:59,open,closed,0,2023-05-08 16:24:00,25.4,26,506.5
2023-05-08 16:25:17,27.11,746.606,18.89,512,42,37,42,16:24:59,open,closed,0,2023-05-08 16:26:00,25.4,26,498.0
2023-05-08 16:27:17,27.1,746.606,18.91,512,42,35,42,16:26:59,open,closed,0,2023-05-08 16:28:00,25.4,26,498.0
2023-05-08 16:29:17,27.1,746.606,19.04,513,42,36,42,16:28:59,open,closed,0,2023-05-08 16:30:00,25.4,29,504.75
2023-05-08 16:31:17,27.11,746.5835,19.36,519,44,38,44,16:30:59,open,closed,0,2023-05-08 16:32:00,25.4,29,504.75
2023-05-08 16:33:17,27.13,746.561,20.62,531,44,39,44,16:32:59,open,closed,0,2023-05-08 16:34:00,25.4,29,504.75
2023-05-08 16:35:17,27.13,746.55347,21.5,533,46,39,46,16:34:59,open,closed,0,2023-05-08 16:36:00,25.4,30,508.6
2023-05-08 16:37:17,27.16,746.54596,23.58,536,44,39,44,16:36:59,open,closed,0,2023-05-08 16:38:00,25.4,30,508.6
2023-05-08 16:39:17,27.15,746.53845,24.18,534,48,41,48,16:38:59,open,closed,0,2023-05-08 16:40:00,25.4,30,502.75
2023-05-08 16:41:18,27.15,746.53845,25.11,535,48,40,48,16:40:59,open,closed,0,2023-05-08 16:42:00,25.4,30,502.75
2023-05-08 16:43:18,27.18,746.53845,27.53,535,49,43,49,16:42:59,open,closed,0,2023-05-08 16:44:00,25.4,30,502.75
2023-05-08 16:45:18,27.14,746.53094,26.97,534,47,42,47,16:44:59,open,closed,0,2023-05-08 16:46:00,25.4,31,501.2
2023-05-08 16:47:18,27.13,746.516,26.23,536,51,44,51,16:46:59,open,closed,0,2023-05-08 16:48:00,25.4,31,501.2
2023-05-08 16:49:18,27.13,746.49347,25.87,535,50,43,50,16:48:59,open,closed,0,2023-05-08 16:50:00,25.5,31,500.4
2023-05-08 16:51:18,27.14,746.48596,25.84,534,49,43,49,16:50:59,open,closed,0,2023-05-08 16:52:00,25.5,31,500.4
2023-05-08 16:53:18,27.13,746.48596,25.77,534,51,44,51,16:52:59,open,closed,0,2023-05-08 16:54:00,25.5,31,500.4
2023-05-08 16:55:18,27.13,746.49347,25.83,534,55,46,55,16:54:59,open,closed,0,2023-05-08 16:56:00,25.5,31,498.25
2023-05-08 16:57:18,27.12,746.471,25.37,534,54,45,54,16:56:59,open,closed,0,2023-05-08 16:58:00,25.5,31,498.25
2023-05-08 16:59:18,27.13,746.456,25.12,533,56,47,56,16:58:59,open,closed,0,2023-05-08 17:00:00,25.5,31,497.6
2023-05-08 17:01:19,27.13,746.456,25.0,534,56,48,56,17:00:59,open,closed,0,2023-05-08 17:02:00,25.5,31,497.6
2023-05-08 17:03:19,27.13,746.441,24.8,532,57,48,57,17:02:59,open,closed,0,2023-05-08 17:04:00,25.5,31,497.6
2023-05-08 17:05:19,27.13,746.42596,24.76,530,56,49,56,17:04:59,open,closed,0,2023-05-08 17:06:00,25.5,31,498.25
2023-05-08 17:07:19,27.12,746.39594,24.63,528,57,50,57,17:06:59,open,closed,0,2023-05-08 17:08:00,25.5,31,498.25
2023-05-08 17:09:19,27.12,746.40344,24.57,527,59,51,59,17:08:59,open,closed,0,2023-05-08 17:10:00,25.5,32,499.5
2023-05-08 17:11:19,27.12,746.3884,24.49,527,58,50,58,17:10:59,open,closed,0,2023-05-08 17:12:00,25.5,32,499.5
2023-05-08 17:13:19,27.12,746.36597,24.4,527,58,50,58,17:12:59,open,closed,0,2023-05-08 17:14:00,25.5,32,499.5
2023-05-08 17:15:19,27.11,746.35846,24.32,527,61,51,61,17:14:59,open,closed,0,2023-05-08 17:16:00,25.5,32,498.8
2023-05-08 17:17:19,27.12,746.35095,24.28,526,61,52,61,17:16:59,open,closed,0,2023-05-08 17:18:00,25.5,32,498.8
2023-05-08 17:19:19,27.12,746.36597,24.15,526,60,52,60,17:18:59,open,closed,0,2023-05-08 17:20:00,25.4,32,498.25
2023-05-08 17:21:19,27.11,746.35846,24.14,525,60,54,60,17:20:59,open,closed,0,2023-05-08 17:22:00,25.4,32,498.25
2023-05-08 17:23:20,27.11,746.336,24.02,526,62,53,62,17:22:59,open,closed,0,2023-05-08 17:24:00,25.4,32,498.25
2023-05-08 17:25:20,27.1,746.30597,23.99,523,63,53,63,17:24:59,open,closed,0,2023-05-08 17:26:00,25.4,31,500.0
2023-05-08 17:27:20,27.1,746.29846,23.89,523,63,54,63,17:26:59,open,closed,0,2023-05-08 17:28:00,25.4,31,500.0
2023-05-08 17:29:20,27.1,746.27594,23.8,523,59,52,59,17:28:59,open,closed,0,2023-05-08 17:30:00,25.4,31,500.0
2023-05-08 17:31:20,27.09,746.2534,23.78,522,63,53,63,17:30:59,open,closed,0,2023-05-08 17:32:00,25.4,31,500.0
2023-05-08 17:33:20,27.1,746.2534,23.71,523,64,55,64,17:32:59,open,closed,0,2023-05-08 17:34:00,25.4,31,500.0
2023-05-08 17:35:20,27.09,746.23096,23.67,523,65,57,65,17:34:59,open,closed,0,2023-05-08 17:36:00,25.4,31,501.2
2023-05-08 17:37:20,27.09,746.21594,23.64,521,63,55,63,17:36:59,open,closed,0,2023-05-08 17:38:00,25.4,31,501.2
2023-05-08 17:39:20,27.09,746.2009,23.57,520,64,56,64,17:38:59,open,closed,0,2023-05-08 17:40:00,25.3,31,501.5
2023-05-08 17:41:20,27.09,746.1935,23.52,519,65,56,65,17:40:59,open,closed,0,2023-05-08 17:42:00,25.3,31,501.5
2023-05-08 17:43:21,27.08,746.16345,23.46,519,61,54,61,17:42:59,open,closed,0,2023-05-08 17:44:00,25.3,31,501.5
2023-05-08 17:45:21,27.07,746.16345,23.42,519,63,55,63,17:44:59,open,closed,0,2023-05-08 17:46:00,25.3,31,502.6
2023-05-08 17:47:21,27.07,746.16345,23.37,517,63,56,63,17:46:59,open,closed,0,2023-05-08 17:48:00,25.3,31,502.6
2023-05-08 17:49:21,27.06,746.15594,23.34,518,67,57,67,17:48:59,open,closed,0,2023-05-08 17:50:00,25.3,31,508.0
2023-05-08 17:51:21,27.06,746.1409,23.31,518,68,58,68,17:50:59,open,closed,0,2023-05-08 17:52:00,25.3,31,508.0
2023-05-08 17:53:21,27.06,746.1334,23.25,518,68,57,68,17:52:59,open,closed,0,2023-05-08 17:54:00,25.3,31,508.0
2023-05-08 17:55:21,27.07,746.14844,23.23,516,68,58,68,17:54:59,open,closed,0,2023-05-08 17:56:00,25.3,31,509.0
2023-05-08 17:57:21,27.06,746.1334,23.2,516,68,60,68,17:56:59,open,closed,0,2023-05-08 17:58:00,25.3,31,509.0
2023-05-08 17:59:21,27.06,746.1259,23.16,515,68,58,68,17:58:59,open,closed,0,2023-05-08 18:00:00,25.4,31,510.25
2023-05-08 18:01:21,27.06,746.1184,23.1,518,70,59,70,18:00:59,open,closed,0,2023-05-08 18:02:00,25.4,31,510.25
2023-05-08 18:03:22,27.06,746.1184,23.07,516,69,60,69,18:02:59,open,closed,0,2023-05-08 18:04:00,25.4,31,510.25
2023-05-08 18:05:22,27.06,746.1184,23.08,516,68,58,68,18:04:59,open,closed,0,2023-05-08 18:06:00,25.4,31,510.8
2023-05-08 18:07:22,27.06,746.08844,23.0,519,67,59,67,18:06:59,open,closed,0,2023-05-08 18:08:00,25.4,31,510.8
2023-05-08 18:09:22,27.06,746.0659,22.99,518,67,59,67,18:08:59,open,closed,0,2023-05-08 18:10:00,25.4,31,513.25
2023-05-08 18:11:22,27.06,746.05096,22.98,517,69,60,69,18:10:59,open,closed,0,2023-05-08 18:12:00,25.4,31,513.25
2023-05-08 18:13:22,27.05,746.04346,22.99,518,69,59,69,18:12:59,open,closed,0,2023-05-08 18:14:00,25.4,31,513.25
2023-05-08 18:15:22,27.06,746.05096,22.97,518,70,60,70,18:14:59,open,closed,0,2023-05-08 18:16:00,25.4,31,516.2
2023-05-08 18:17:22,27.05,746.03595,22.97,519,70,60,70,18:16:59,open,closed,0,2023-05-08 18:18:00,25.4,31,516.2
2023-05-08 18:19:22,27.05,746.0134,22.98,518,69,61,69,18:18:59,open,closed,0,2023-05-08 18:20:00,25.4,31,520.25
2023-05-08 18:21:22,27.06,746.006,22.98,518,69,60,69,18:20:59,open,closed,0,2023-05-08 18:22:00,25.4,31,520.25
2023-05-08 18:23:22,27.05,745.9834,23.0,519,69,59,69,18:22:59,open,closed,0,2023-05-08 18:24:00,25.4,31,520.25
2023-05-08 18:25:23,27.05,745.9909,23.03,519,70,59,70,18:24:59,open,closed,0,2023-05-08 18:26:00,25.4,31,524.2
2023-05-08 18:27:23,27.05,745.9985,23.08,521,69,60,69,18:26:59,open,closed,0,2023-05-08 18:28:00,25.4,31,524.2
2023-05-08 18:29:23,27.05,745.9834,23.05,521,67,61,67,18:28:59,open,closed,0,2023-05-08 18:30:00,25.4,31,530.5
2023-05-08 18:31:23,27.04,745.9834,23.1,522,68,60,68,18:30:59,open,closed,0,2023-05-08 18:32:00,25.4,31,530.5
2023-05-08 18:33:23,27.04,745.9534,23.05,522,73,60,73,18:32:59,open,closed,0,2023-05-08 18:34:00,25.4,31,530.5
2023-05-08 18:35:23,27.04,745.9534,23.13,523,70,60,70,18:34:59,open,closed,0,2023-05-08 18:36:00,25.4,31,535.2
2023-05-08 18:37:23,27.04,745.9534,23.14,523,69,60,69,18:36:59,open,closed,0,2023-05-08 18:38:00,25.4,31,535.2
2023-05-08 18:39:23,27.04,745.96094,23.2,525,69,61,69,18:38:59,open,closed,0,2023-05-08 18:40:00,25.4,31,542.75
2023-05-08 18:41:23,27.04,745.9534,23.23,525,72,63,72,18:40:59,open,closed,0,2023-05-08 18:42:00,25.4,31,542.75
2023-05-08 18:43:23,27.03,745.9459,23.31,525,73,61,73,18:42:59,open,closed,0,2023-05-08 18:44:00,25.4,31,542.75
2023-05-08 18:45:24,27.03,745.9459,23.26,525,71,61,71,18:44:59,open,closed,0,2023-05-08 18:46:00,25.4,31,550.75
2023-05-08 18:47:24,27.03,745.9384,23.32,527,73,61,73,18:46:59,open,closed,0,2023-05-08 18:48:00,25.4,31,550.75
2023-05-08 18:49:24,27.03,745.9384,23.3,528,72,61,72,18:48:59,open,closed,0,2023-05-08 18:50:00,25.4,31,556.0
2023-05-08 18:51:24,27.03,745.9384,23.23,525,71,61,71,18:50:59,open,closed,0,2023-05-08 18:52:00,25.4,31,556.0
2023-05-08 18:53:24,27.03,745.9309,23.24,528,74,62,74,18:52:59,open,closed,0,2023-05-08 18:54:00,25.4,31,556.0
2023-05-08 18:55:24,27.03,745.9234,23.26,528,70,60,70,18:54:59,open,closed,0,2023-05-08 18:56:00,25.4,31,562.5
2023-05-08 18:57:24,27.02,745.90845,23.23,530,72,64,72,18:56:59,open,closed,0,2023-05-08 18:58:00,25.4,31,562.5
2023-05-08 18:59:24,27.01,745.90094,23.2,532,73,64,73,18:58:59,open,closed,0,2023-05-08 19:00:00,25.4,31,566.0
2023-05-08 19:01:24,27.02,745.90094,23.26,530,74,63,74,19:00:59,open,closed,0,2023-05-08 19:02:00,25.4,31,566.0
2023-05-08 19:03:24,27.01,745.89343,23.23,529,74,64,74,19:02:59,open,closed,0,2023-05-08 19:04:00,25.4,31,566.0
2023-05-08 19:05:25,27.01,745.89343,23.19,531,70,62,70,19:04:59,open,closed,0,2023-05-08 19:06:00,25.4,31,571.25
2023-05-08 19:07:25,27.01,745.8709,23.2,532,73,64,73,19:06:59,open,closed,0,2023-05-08 19:08:00,25.4,31,571.25
2023-05-08 19:09:25,27.0,745.86346,23.17,529,72,63,72,19:08:59,open,closed,0,2023-05-08 19:10:00,25.4,31,574.2
2023-05-08 19:11:25,26.99,745.85596,23.17,531,71,62,71,19:10:59,open,closed,0,2023-05-08 19:12:00,25.4,31,574.2
2023-05-08 19:13:25,26.99,745.83344,23.13,532,74,64,74,19:12:59,open,closed,0,2023-05-08 19:14:00,25.4,31,574.2
2023-05-08 19:15:25,26.98,745.8109,23.19,532,71,62,71,19:14:59,open,closed,0,2023-05-08 19:16:00,25.4,31,577.0
2023-05-08 19:17:25,26.98,745.7959,23.13,533,71,62,71,19:16:59,open,closed,0,2023-05-08 19:18:00,25.4,31,577.0
2023-05-08 19:19:25,26.98,745.7884,23.1,532,75,62,75,19:18:59,open,closed,0,2023-05-08 19:20:00,25.4,31,577.2
2023-05-08 19:21:25,26.97,745.7959,23.11,534,74,63,74,19:20:59,open,closed,0,2023-05-08 19:22:00,25.4,31,577.2
2023-05-08 19:23:25,26.98,745.7809,23.08,533,74,62,74,19:22:59,open,closed,0,2023-05-08 19:24:00,25.4,31,577.2
2023-05-08 19:25:25,26.97,745.7584,23.04,532,72,64,72,19:24:59,open,closed,0,2023-05-08 19:26:00,25.4,31,578.8
2023-05-08 19:27:26,26.97,745.7509,23.04,534,73,64,73,19:26:59,open,closed,0,2023-05-08 19:28:00,25.4,31,578.8
2023-05-08 19:29:26,26.96,745.72095,23.07,534,72,63,72,19:28:59,open,closed,0,2023-05-08 19:30:00,25.4,31,579.5
2023-05-08 19:31:26,26.96,745.70593,23.0,533,73,62,73,19:30:59,open,closed,0,2023-05-08 19:32:00,25.4,31,579.5
2023-05-08 19:33:26,26.95,745.6984,23.02,538,73,62,73,19:32:59,open,closed,0,2023-05-08 19:34:00,25.4,31,579.5
2023-05-08 19:35:26,26.95,745.71344,23.0,537,73,63,73,19:34:59,open,closed,0,2023-05-08 19:36:00,25.4,31,579.75
2023-05-08 19:37:26,26.95,745.72095,22.98,536,75,63,75,19:36:59,open,closed,0,2023-05-08 19:38:00,25.4,31,579.75
2023-05-08 19:39:26,26.94,745.7359,22.97,537,75,63,75,19:38:59,open,closed,0,2023-05-08 19:40:00,25.4,31,581.0
2023-05-08 19:41:26,26.95,745.7359,22.9,538,73,64,73,19:40:59,open,closed,0,2023-05-08 19:42:00,25.4,31,581.0
2023-05-08 19:43:26,26.94,745.72095,22.92,540,73,64,73,19:42:59,open,closed,0,2023-05-08 19:44:00,25.4,31,581.0
2023-05-08 19:45:26,26.93,745.70593,22.9,539,74,64,74,19:44:59,open,closed,0,2023-05-08 19:46:00,25.4,31,583.25
2023-05-08 19:47:27,26.92,745.6984,22.9,541,76,64,76,19:46:59,open,closed,0,2023-05-08 19:48:00,25.4,31,583.25
2023-05-08 19:49:27,26.92,745.70593,22.88,541,75,65,75,19:48:59,open,closed,0,2023-05-08 19:50:00,25.4,31,584.8
2023-05-08 19:51:27,26.92,745.72095,22.86,543,77,64,77,19:50:59,open,closed,0,2023-05-08 19:52:00,25.4,31,584.8
2023-05-08 19:53:27,26.91,745.71344,22.82,543,72,63,72,19:52:59,open,closed,0,2023-05-08 19:54:00,25.4,31,584.8
2023-05-08 19:55:27,26.92,745.72095,22.81,543,74,64,74,19:54:59,open,closed,0,2023-05-08 19:56:00,25.4,31,586.0
2023-05-08 19:57:27,26.9,745.72095,22.75,544,74,63,74,19:56:59,open,closed,0,2023-05-08 19:58:00,25.4,31,586.0
2023-05-08 19:59:27,26.91,745.7509,22.76,544,73,63,73,19:58:59,open,closed,0,2023-05-08 20:00:00,25.4,31,587.2
2023-05-08 20:01:27,26.91,745.7584,22.75,543,72,62,72,20:00:59,open,closed,0,2023-05-08 20:02:00,25.4,31,587.2
2023-05-08 20:03:27,26.91,745.7509,22.7,544,73,63,73,20:02:59,open,closed,0,2023-05-08 20:04:00,25.4,31,587.2
2023-05-08 20:05:27,26.91,745.7284,22.68,545,72,63,72,20:04:59,open,closed,0,2023-05-08 20:06:00,25.4,31,589.5
2023-05-08 20:07:28,26.91,745.7284,22.65,546,75,62,75,20:06:59,open,closed,0,2023-05-08 20:08:00,25.4,31,589.5
2023-05-08 20:09:28,26.9,745.72095,22.66,547,72,62,72,20:08:59,open,closed,0,2023-05-08 20:10:00,25.4,31,590.4
2023-05-08 20:11:28,26.9,745.6984,22.64,548,75,62,75,20:10:59,open,closed,0,2023-05-08 20:12:00,25.4,31,590.4
2023-05-08 20:13:28,26.89,745.71344,22.59,549,74,61,74,20:12:59,open,closed,0,2023-05-08 20:14:00,25.4,31,590.4
2023-05-08 20:15:28,26.9,745.7284,22.57,549,75,63,75,20:14:59,open,closed,0,2023-05-08 20:16:00,25.4,31,592.5
2023-05-08 20:17:28,26.89,745.72095,22.55,547,76,63,76,20:16:59,open,closed,0,2023-05-08 20:18:00,25.4,31,592.5
2023-05-08 20:19:28,26.89,745.7434,22.53,549,74,62,74,20:18:59,open,closed,0,2023-05-08 20:20:00,25.4,31,595.6
2023-05-08 20:21:28,26.89,745.7659,22.54,552,75,63,75,20:20:59,open,closed,0,2023-05-08 20:22:00,25.4,31,595.6
2023-05-08 20:23:28,26.89,745.7584,22.5,553,75,65,75,20:22:59,open,closed,0,2023-05-08 20:24:00,25.4,31,595.6
2023-05-08 20:25:28,26.89,745.7434,22.49,551,72,62,72,20:24:59,open,closed,0,2023-05-08 20:26:00,25.4,31,596.75
2023-05-08 20:27:28,26.88,745.7359,22.48,552,75,62,75,20:26:59,open,closed,0,2023-05-08 20:28:00,25.4,31,596.75
2023-05-08 20:29:29,26.88,745.7434,22.43,552,74,63,74,20:28:59,open,closed,0,2023-05-08 20:30:00,25.4,31,597.8
2023-05-08 20:31:29,26.87,745.7359,22.48,554,74,62,74,20:30:59,open,closed,0,2023-05-08 20:32:00,25.4,31,597.8
2023-05-08 20:33:29,26.87,745.7359,22.44,552,73,62,73,20:32:59,open,closed,0,2023-05-08 20:34:00,25.4,31,597.8
2023-05-08 20:35:29,26.87,745.7284,22.42,553,76,64,76,20:34:59,open,closed,0,2023-05-08 20:36:00,25.4,31,600.25
2023-05-08 20:37:29,26.86,745.7284,22.39,556,76,64,76,20:36:59,open,closed,0,2023-05-08 20:38:00,25.4,31,600.25
2023-05-08 20:39:29,26.86,745.7359,22.43,557,74,63,74,20:38:59,open,closed,0,2023-05-08 20:40:00,25.4,31,601.0
2023-05-08 20:41:29,26.85,745.7359,22.37,555,70,60,70,20:40:59,open,closed,0,2023-05-08 20:42:00,25.4,31,601.0
2023-05-08 20:43:29,26.85,745.7359,22.35,556,73,63,73,20:42:59,open,closed,0,2023-05-08 20:44:00,25.4,31,601.0
2023-05-08 20:45:29,26.84,745.72095,22.35,559,74,64,74,20:44:59,open,closed,0,2023-05-08 20:46:00,25.4,31,603.25
2023-05-08 20:47:29,26.84,745.7359,22.36,558,73,63,73,20:46:59,open,closed,0,2023-05-08 20:48:00,25.4,31,603.25
2023-05-08 20:49:30,26.84,745.7509,22.34,558,70,60,70,20:48:59,open,closed,0,2023-05-08 20:50:00,25.4,31,605.4
2023-05-08 20:51:30,26.83,745.7509,22.35,559,73,63,73,20:50:59,open,closed,0,2023-05-08 20:52:00,25.4,31,605.4
2023-05-08 20:53:30,26.82,745.7659,22.33,560,76,64,76,20:52:59,open,closed,0,2023-05-08 20:54:00,25.4,31,605.4
2023-05-08 20:55:30,26.81,745.77344,22.33,559,77,63,77,20:54:59,open,closed,0,2023-05-08 20:56:00,25.4,31,607.0
2023-05-08 20:57:30,26.81,745.7659,22.33,561,74,63,74,20:56:59,open,closed,0,2023-05-08 20:58:00,25.4,31,607.0
2023-05-08 20:59:30,26.8,745.77344,22.3,560,76,65,76,20:58:59,open,closed,0,2023-05-08 21:00:00,25.4,31,609.2
2023-05-08 21:01:30,26.8,745.77344,22.33,561,77,64,77,21:00:59,open,closed,0,2023-05-08 21:02:00,25.4,31,609.2
2023-05-08 21:03:30,26.79,745.77344,22.33,559,77,62,77,21:02:59,open,closed,0,2023-05-08 21:04:00,25.4,31,609.2
2023-05-08 21:05:30,26.8,745.7809,22.29,559,76,64,76,21:04:59,open,closed,0,2023-05-08 21:06:00,25.4,31,611.25
2023-05-08 21:07:30,26.79,745.77344,22.3,561,77,63,77,21:06:59,open,closed,0,2023-05-08 21:08:00,25.4,31,611.25
2023-05-08 21:09:31,26.79,745.7659,22.26,561,77,63,77,21:08:59,open,closed,0,2023-05-08 21:10:00,25.4,31,611.4
2023-05-08 21:11:31,26.79,745.7659,22.28,561,78,63,78,21:10:59,open,closed,0,2023-05-08 21:12:00,25.4,31,611.4
2023-05-08 21:13:31,26.79,745.77344,22.25,562,79,65,79,21:12:59,open,closed,0,2023-05-08 21:14:00,25.4,31,611.4
2023-05-08 21:15:31,26.79,745.7884,22.25,560,77,64,77,21:14:59,open,closed,0,2023-05-08 21:16:00,25.4,31,614.0
2023-05-08 21:17:31,26.79,745.8034,22.24,561,77,63,77,21:16:59,open,closed,0,2023-05-08 21:18:00,25.4,31,614.0
2023-05-08 21:19:31,26.79,745.8259,22.25,561,75,63,75,21:18:59,open,closed,0,2023-05-08 21:20:00,25.4,31,616.8
2023-05-08 21:21:31,26.78,745.8259,22.19,560,78,65,78,21:20:59,open,closed,0,2023-05-08 21:22:00,25.4,31,616.8
2023-05-08 21:23:31,26.78,745.84094,22.2,560,78,65,78,21:22:59,open,closed,0,2023-05-08 21:24:00,25.4,31,616.8
2023-05-08 21:25:31,26.78,745.84094,22.17,561,80,65,80,21:24:59,open,closed,0,2023-05-08 21:26:00,25.4,31,618.5
2023-05-08 21:27:31,26.78,745.83344,22.17,561,79,65,79,21:26:59,open,closed,0,2023-05-08 21:28:00,25.4,31,618.5
2023-05-08 21:29:31,26.77,745.8184,22.15,559,78,65,78,21:28:59,open,closed,0,2023-05-08 21:30:00,25.4,31,620.5
2023-05-08 21:31:32,26.77,745.8184,22.12,561,78,63,78,21:30:59,open,closed,0,2023-05-08 21:32:00,25.4,31,620.5
2023-05-08 21:33:32,26.77,745.83344,22.14,563,76,63,76,21:32:59,open,closed,0,2023-05-08 21:34:00,25.4,31,620.5
2023-05-08 21:35:32,26.77,745.83344,22.15,561,79,66,79,21:34:59,open,closed,0,2023-05-08 21:36:00,25.4,31,623.2
2023-05-08 21:37:32,26.76,745.83344,22.15,561,78,65,78,21:36:59,open,closed,0,2023-05-08 21:38:00,25.4,31,623.2
2023-05-08 21:39:32,26.76,745.84094,22.11,560,80,65,80,21:38:59,open,closed,0,2023-05-08 21:40:00,25.4,31,624.75
2023-05-08 21:41:32,26.75,745.84845,22.11,557,77,65,77,21:40:59,open,closed,0,2023-05-08 21:42:00,25.4,31,624.75
2023-05-08 21:43:32,26.75,745.84094,22.07,559,79,65,79,21:42:59,open,closed,0,2023-05-08 21:44:00,25.4,31,624.75
2023-05-08 21:45:32,26.74,745.83344,22.07,557,75,63,75,21:44:59,open,closed,0,2023-05-08 21:46:00,25.4,31,625.4
2023-05-08 21:47:32,26.75,745.8259,22.08,558,82,66,82,21:46:59,open,closed,0,2023-05-08 21:48:00,25.4,31,625.4
2023-05-08 21:49:32,26.74,745.8109,22.07,558,81,66,81,21:48:59,open,closed,0,2023-05-08 21:50:00,25.4,31,626.75
2023-05-08 21:51:33,26.74,745.8109,22.06,558,79,65,79,21:50:59,open,closed,0,2023-05-08 21:52:00,25.4,31,626.75
2023-05-08 21:53:33,26.73,745.7959,22.06,557,79,66,79,21:52:59,open,closed,0,2023-05-08 21:54:00,25.4,31,626.75
2023-05-08 21:55:33,26.73,745.7884,22.03,555,81,67,81,21:54:59,open,closed,0,2023-05-08 21:56:00,25.4,31,627.2
2023-05-08 21:57:33,26.73,745.7884,22.02,555,79,67,79,21:56:59,open,closed,0,2023-05-08 21:58:00,25.4,31,627.2
2023-05-08 21:59:33,26.72,745.7959,22.04,556,78,66,78,21:58:59,open,closed,0,2023-05-08 22:00:00,25.4,31,628.0
2023-05-08 22:01:33,26.72,745.7959,22.05,557,82,66,82,22:00:59,open,closed,0,2023-05-08 22:02:00,25.4,31,628.0
2023-05-08 22:03:33,26.71,745.7959,21.97,556,80,65,80,22:02:59,open,closed,0,2023-05-08 22:04:00,25.4,31,628.0
2023-05-08 22:05:33,26.72,745.7959,21.97,555,80,66,80,22:04:59,open,closed,0,2023-05-08 22:06:00,25.4,31,628.5
2023-05-08 22:07:33,26.71,745.7884,21.96,556,77,65,77,22:06:59,open,closed,0,2023-05-08 22:08:00,25.4,31,628.5
2023-05-08 22:09:33,26.71,745.7809,21.94,554,76,65,76,22:08:59,open,closed,0,2023-05-08 22:10:00,25.3,31,629.0
2023-05-08 22:11:34,26.7,745.7884,21.95,554,80,67,80,22:10:59,open,closed,0,2023-05-08 22:12:00,25.3,31,629.0
2023-05-08 22:13:34,26.69,745.7884,21.96,551,76,65,76,22:12:59,open,closed,0,2023-05-08 22:14:00,25.3,31,629.0
2023-05-08 22:15:34,26.68,745.77344,21.93,551,81,67,81,22:14:59,open,closed,0,2023-05-08 22:16:00,25.3,31,629.0
2023-05-08 22:17:34,26.68,745.7659,21.91,552,78,65,78,22:16:59,open,closed,0,2023-05-08 22:18:00,25.3,31,629.0
2023-05-08 22:19:34,26.68,745.7659,21.89,551,80,64,80,22:18:59,open,closed,0,2023-05-08 22:20:00,25.3,31,630.0
2023-05-08 22:21:34,26.68,745.7659,21.89,552,77,64,77,22:20:59,open,closed,0,2023-05-08 22:22:00,25.3,31,630.0
2023-05-08 22:23:34,26.68,745.7809,21.89,552,82,66,82,22:22:59,open,closed,0,2023-05-08 22:24:00,25.3,31,630.0
2023-05-08 22:25:34,26.68,745.77344,21.9,552,79,66,79,22:24:59,open,closed,0,2023-05-08 22:26:00,25.4,31,629.25
2023-05-08 22:27:34,26.67,745.77344,21.89,553,80,67,80,22:26:59,open,closed,0,2023-05-08 22:28:00,25.4,31,629.25
2023-05-08 22:29:34,26.68,745.7584,21.9,552,80,65,80,22:28:59,open,closed,0,2023-05-08 22:30:00,25.3,31,628.8
2023-05-08 22:31:34,26.68,745.7509,21.85,552,79,64,79,22:30:59,open,closed,0,2023-05-08 22:32:00,25.3,31,628.8
2023-05-08 22:33:35,26.67,745.7434,21.83,553,78,64,78,22:32:59,open,closed,0,2023-05-08 22:34:00,25.3,31,628.8
2023-05-08 22:35:35,26.67,745.7434,21.82,552,80,65,80,22:34:59,open,closed,0,2023-05-08 22:36:00,25.4,31,627.5
2023-05-08 22:37:35,26.67,745.7434,21.8,553,79,66,79,22:36:59,open,closed,0,2023-05-08 22:38:00,25.4,31,627.5
2023-05-08 22:39:35,26.67,745.7359,21.8,552,76,65,76,22:38:59,open,closed,0,2023-05-08 22:40:00,25.3,31,625.8
2023-05-08 22:41:35,26.67,745.7434,21.77,554,79,65,79,22:40:59,open,closed,0,2023-05-08 22:42:00,25.3,31,625.8
2023-05-08 22:43:35,26.66,745.7359,21.76,553,80,65,80,22:42:59,open,closed,0,2023-05-08 22:44:00,25.3,31,625.8
2023-05-08 22:45:35,26.66,745.72095,21.79,552,79,66,79,22:44:59,open,closed,0,2023-05-08 22:46:00,25.3,31,625.25
2023-05-08 22:47:35,26.65,745.70593,21.78,552,78,65,78,22:46:59,open,closed,0,2023-05-08 22:48:00,25.3,31,625.25
2023-05-08 22:49:35,26.66,745.7284,21.74,554,78,64,78,22:48:59,open,closed,0,2023-05-08 22:50:00,25.3,31,624.4
2023-05-08 22:51:35,26.65,745.72095,21.74,553,78,64,78,22:50:59,open,closed,0,2023-05-08 22:52:00,25.3,31,624.4
2023-05-08 22:53:36,26.66,745.72095,21.74,555,76,64,76,22:52:59,open,closed,0,2023-05-08 22:54:00,25.3,31,624.4
2023-05-08 22:55:36,26.65,745.7284,21.75,554,74,63,74,22:54:59,open,closed,0,2023-05-08 22:56:00,25.3,31,624.25
2023-05-08 22:57:36,26.65,745.70593,21.74,554,74,62,74,22:56:59,open,closed,0,2023-05-08 22:58:00,25.3,31,624.25
2023-05-08 22:59:36,26.65,745.71344,21.73,554,75,62,75,22:58:59,open,closed,0,2023-05-08 23:00:00,25.3,31,623.0
2023-05-08 23:01:36,26.65,745.7284,21.73,554,75,64,75,23:00:59,open,closed,0,2023-05-08 23:02:00,25.3,31,623.0
2023-05-08 23:03:36,26.64,745.7284,21.72,554,75,63,75,23:02:59,open,closed,0,2023-05-08 23:04:00,25.3,31,623.0
2023-05-08 23:05:36,26.65,745.72095,21.69,552,74,62,74,23:04:59,open,closed,0,2023-05-08 23:06:00,25.4,31,621.5
2023-05-08 23:07:36,26.65,745.71344,21.68,553,76,64,76,23:06:59,open,closed,0,2023-05-08 23:08:00,25.4,31,621.5
2023-05-08 23:09:36,26.65,745.7284,21.73,555,74,62,74,23:08:59,open,closed,0,2023-05-08 23:10:00,25.4,31,622.8
2023-05-08 23:11:36,26.64,745.7284,21.7,554,75,62,75,23:10:59,open,closed,0,2023-05-08 23:12:00,25.4,31,622.8
2023-05-08 23:13:36,26.63,745.72095,21.69,554,76,64,76,23:12:59,open,closed,0,2023-05-08 23:14:00,25.4,31,622.8
2023-05-08 23:15:37,26.64,745.7434,21.65,555,73,61,73,23:14:59,open,closed,0,2023-05-08 23:16:00,25.4,30,622.25
2023-05-08 23:17:37,26.63,745.7434,21.66,555,78,64,78,23:16:59,open,closed,0,2023-05-08 23:18:00,25.4,30,622.25
2023-05-08 23:19:37,26.63,745.7359,21.62,556,75,62,75,23:18:59,open,closed,0,2023-05-08 23:20:00,25.4,30,621.0
2023-05-08 23:21:37,26.62,745.71344,21.63,554,75,62,75,23:20:59,open,closed,0,2023-05-08 23:22:00,25.4,30,621.0
2023-05-08 23:23:37,26.62,745.70593,21.63,553,79,64,79,23:22:59,open,closed,0,2023-05-08 23:24:00,25.4,30,621.0
2023-05-08 23:25:37,26.62,745.6834,21.6,556,76,62,76,23:24:59,open,closed,0,2023-05-08 23:26:00,25.3,30,620.75
2023-05-08 23:27:37,26.62,745.6759,21.6,554,74,62,74,23:26:59,open,closed,0,2023-05-08 23:28:00,25.3,30,620.75
2023-05-08 23:29:37,26.61,745.6834,21.56,551,74,61,74,23:28:59,open,closed,0,2023-05-08 23:30:00,25.4,30,621.0
2023-05-08 23:31:37,26.61,745.6909,21.62,551,73,61,73,23:30:59,open,closed,0,2023-05-08 23:32:00,25.4,30,621.0
2023-05-08 23:33:37,26.61,745.6834,21.56,551,73,62,73,23:32:59,open,closed,0,2023-05-08 23:34:00,25.4,30,621.0
2023-05-08 23:35:38,26.61,745.6609,21.57,551,72,61,72,23:34:59,open,closed,0,2023-05-08 23:36:00,25.3,30,621.25
2023-05-08 23:37:38,26.61,745.6759,21.55,550,72,61,72,23:36:59,open,closed,0,2023-05-08 23:38:00,25.3,30,621.25
2023-05-08 23:39:38,26.6,745.6834,21.53,551,73,61,73,23:38:59,open,closed,0,2023-05-08 23:40:00,25.4,30,621.8
2023-05-08 23:41:38,26.6,745.6684,21.54,551,74,61,74,23:40:59,open,closed,0,2023-05-08 23:42:00,25.4,30,621.8
2023-05-08 23:43:38,26.59,745.6684,21.54,551,74,61,74,23:42:59,open,closed,0,2023-05-08 23:44:00,25.4,30,621.8
2023-05-08 23:45:38,26.6,745.6684,21.54,551,71,60,71,23:44:59,open,closed,0,2023-05-08 23:46:00,25.4,30,620.25
2023-05-08 23:47:38,26.59,745.6534,21.54,551,72,61,72,23:46:59,open,closed,0,2023-05-08 23:48:00,25.4,30,620.25
2023-05-08 23:49:38,26.6,745.63837,21.5,551,72,59,72,23:48:59,open,closed,0,2023-05-08 23:50:00,25.3,30,620.6
2023-05-08 23:51:38,26.59,745.6234,21.48,550,73,60,73,23:50:59,open,closed,0,2023-05-08 23:52:00,25.3,30,620.6
2023-05-08 23:53:38,26.59,745.63837,21.49,553,74,60,74,23:52:59,open,closed,0,2023-05-08 23:54:00,25.3,30,620.6
2023-05-08 23:55:39,26.58,745.6234,21.46,551,71,59,71,23:54:59,open,closed,0,2023-05-08 23:56:00,25.4,30,620.25
2023-05-08 23:57:39,26.59,745.6084,21.48,551,72,61,72,23:56:59,open,closed,0,2023-05-08 23:58:00,25.4,30,620.25
2023-05-08 23:59:39,26.59,745.6084,21.48,549,71,59,71,23:58:59,open,closed,0,2023-05-08 23:58:00,25.4,30,620.25
