Temperature,Pressure,Humidity,PM2.5,PM10,CO2,Door,occupancy
27,736,24,8,8,510,1,2
27,736,24,9,10,528.67,1,0
27,736,24,10,10,526,1,0
27,736,25,10,11,513.33,1,0
27,736,25,9,10,507.5,1,0
27,736,24,11,11,501.33,1,0
27,736,25,9,9,500.5,1,0
27,736,25,10,10,501,1,0
27,736,25,9,10,502,1,0
27,736,25,9,9,501.33,1,0
27,736,25,9,10,497.5,1,0
27,736,25,11,11,498,1,0
27,736,25,10,11,499.67,1,0
27,735,25,12,12,496.5,1,0
27,736,25,10,10,505,1,0
27,736,25,10,10,511,1,0
27,735,25,10,10,516.67,1,0
27,735,25,10,10,521.5,1,0
27,735,26,9,9,490,1,0
27,735,26,12,12,481.5,1,0
27,735,26,11,12,501.33,1,0
27,735,25,9,10,500,1,0
26.9,735,26,10,11,510,1,0
26.9,735,25,11,11,514,1,0
26.9,735,26,10,10,511,1,0
26.9,735,25,10,10,517,1,1
26.9,735,25,10,10,517,1,1
27,735,25,10,10,528,1,1
27,735,25,9,10,544.67,1,1
27,735,25,10,11,553.5,1,1
27,735,25,9,9,547.67,1,1
27,735,25,9,10,532.5,1,1
27,735,25,7,7,536.67,1,1
27,735,25,7,7,558,1,1
27.1,735,25,6,6,570.33,1,1
27.1,735,25,6,6,574,1,1
27.1,735,25,5,5,585,1,0
27.1,734,25,5,6,586.5,1,0
27.1,734,25,7,7,581.33,1,0
27.1,734,25,6,6,579.5,1,0
27.1,734,24,6,7,574,1,0
27.1,734,24,6,6,565.5,1,0
27.1,734,24,6,7,562.67,1,0
27.1,734,24,6,7,557,1,0
27.1,734,24,6,6,549,1,0
27.1,734,24,5,5,531,1,0
27.1,734,24,4,5,517.33,1,0
27.2,734,24,4,4,504,1,0
27.2,734,24,4,5,482.5,1,0
27.2,734,24,5,5,477.67,1,0
27.2,734,24,4,4,477.5,1,0
27.2,734,25,3,4,474.67,1,0
27.2,734,24,4,4,471,1,0
27.1,734,24,3,3,468.67,1,0
27.1,734,25,3,4,466.5,1,0
27.1,734,25,3,3,462.67,1,0
27.1,734,25,2,2,456.5,1,0
26.9,733,25,3,3,453.33,1,0
27.1,733,24,2,3,449.5,1,0
27.1,733,25,3,3,445,1,0
27.1,733,25,3,3,444.5,1,0
27.1,733,25,3,3,439.67,1,0
27.1,733,25,3,3,436.5,1,0
27.1,733,25,3,3,431.67,1,0
27.1,733,25,2,2,429,1,0
27.1,733,25,3,3,426.33,1,0
27.2,733,25,3,3,425.5,1,0
27.1,733,25,3,3,420.33,1,0
27.1,733,25,4,4,419,1,0
27.1,733,25,4,4,416,1,0
27.1,733,25,2,2,414,1,0
27.1,733,25,2,2,412,1,0
27.1,733,25,3,3,408.5,1,0
27.1,733,25,3,3,407,1,0
27.1,733,25,3,3,405,1,0
27.1,733,25,3,3,403,1,0
27.1,733,25,3,4,399.5,1,0
27.1,732,25,3,4,402,1,0
27.1,732,25,3,3,400.5,1,0
27.1,732,25,3,3,397.67,1,0
27.1,732,24,3,3,397.5,1,0
27.1,732,24,3,3,396.33,1,0
27.1,732,24,3,3,397,1,0
27.1,732,24,3,3,396.5,1,0
27.1,732,24,4,4,393,1,0
27.1,732,24,2,2,395,1,0
27.1,732,24,3,3,395,1,0
27.1,732,24,3,4,393.5,1,0
27.1,732,24,3,3,394,1,0
27.1,732,24,4,4,393,1,0
27.1,732,24,4,4,393.33,1,0
27.1,731,24,4,4,395,1,0
27.1,731,24,5,5,399.33,1,0
27.1,731,25,5,6,406.5,1,0
27.1,731,26,7,7,423,1,0
27.1,731,26,6,6,426.5,1,0
27.1,731,26,5,5,427.33,1,0
27.1,731,26,4,5,429,1,0
27.1,731,26,5,5,428.67,1,0
27.1,731,26,4,4,427,1,0
27.1,731,25,3,3,424.33,1,0
27.1,731,25,3,3,426.5,1,0
27.1,731,25,3,3,425.67,1,0
27.1,731,25,4,4,424.5,1,0
27.1,731,25,4,4,421.67,1,0
27.1,730,25,3,3,425,1,0
27.1,730,25,3,3,427.33,1,0
27.1,730,24,2,3,429,1,0
27.1,730,25,3,3,430,1,0
27.1,730,25,4,4,431.5,1,0
27.1,730,25,3,3,430.33,1,0
27.1,730,24,2,2,429.5,1,0
27.1,730,24,3,3,428.33,1,0
27,730,24,2,3,426.5,1,0
27.1,730,24,3,3,427,1,0
27,730,24,2,2,426,1,0
27,730,24,3,3,426.67,1,0
27,730,24,3,3,424,1,0
27,729,24,3,3,422,1,0
27,729,24,3,3,421.33,1,0
27,729,24,2,2,423.5,1,0
27,729,24,2,2,421.67,1,0
27,729,23,3,3,419,1,0
27,729,23,3,3,419.67,1,0
27.1,729,23,2,2,420,1,0
27,729,23,4,4,418.67,1,0
26.8,729,24,2,3,418.5,1,0
27,729,23,2,3,417,1,0
27,729,23,2,2,416.5,1,0
27,729,23,3,4,416.33,1,0
27,729,24,3,3,416.5,1,0
27,729,24,3,3,416.67,1,0
27,729,24,4,4,416,1,0
27,729,24,3,3,414.33,1,0
27,728,23,2,2,414,1,0
27,728,23,3,3,413.67,1,0
27,728,23,4,4,413,1,0
27,728,23,4,4,411,1,0
27,728,24,4,4,413,1,0
27,728,23,3,3,411.67,1,0
26.9,728,23,4,4,411.5,1,0
27,728,23,3,3,411.33,1,0
27,728,23,2,2,413.5,1,0
27,728,23,3,3,409.33,1,0
27,728,23,4,4,410.5,1,0
27,728,23,3,3,411,1,0
27,728,23,4,4,408.5,1,0
27,727,23,3,3,408,1,0
27,727,23,3,4,409,1,0
27,727,23,3,3,407.33,1,0
27,727,23,3,3,409,1,0
27,727,23,3,3,407.67,1,0
27,727,23,4,4,407,1,0
27,727,23,4,4,408,1,0
27,727,23,3,4,408,1,0
27,727,23,3,3,405.5,1,0
27,727,23,3,3,406,1,0
27,727,23,3,4,405,1,0
27,727,23,3,3,405.33,1,0
27,727,23,3,3,405,1,0
27,727,23,3,3,405,1,0
27,727,23,4,4,404.5,1,0
27,727,23,4,4,406.33,1,0
27.1,727,23,5,5,406,1,0
27.1,727,23,5,5,406.33,1,0
27.1,727,23,5,5,406.5,1,0
27,727,23,5,5,408.33,1,0
27.1,727,23,6,6,410.5,1,0
27.1,727,23,5,5,411.67,1,0
27.1,727,24,5,5,410.5,1,0
27.1,727,23,5,5,412,1,0
27.1,727,24,4,5,412,1,0
27.1,727,24,4,5,412,1,0
27.1,727,24,4,5,412.5,1,0
27.1,727,24,4,5,413,1,0
27.1,728,23,5,6,413.5,1,0
27.1,727,24,5,5,416,1,0
27.1,727,24,4,5,417.5,1,0
27.1,727,24,5,5,421.33,1,0
27,727,24,6,6,424.5,1,0
27,727,24,6,6,423.67,1,0
27,727,23,5,5,429,1,0
26.9,727,24,5,6,431.67,1,0
26.8,728,24,6,6,436.5,1,0
26.8,728,23,5,6,443.67,1,0
26.8,728,24,6,6,447.5,1,0
26.8,728,23,6,7,448.67,1,0
26.7,728,24,7,8,448.5,1,0
26.7,728,24,8,8,446,1,0
26.7,728,25,7,8,444.33,1,0
26.7,728,25,9,10,442,1,0
26.7,728,25,8,9,443.67,1,0
26.7,728,25,9,9,441.5,1,0
26.7,728,25,9,9,443.67,1,0
26.7,728,26,9,10,443,1,0
26.7,728,25,9,9,442,1,0
26.7,728,26,8,8,443,1,0
26.7,728,26,8,9,446.33,1,0
26.7,728,26,8,9,446.5,1,0
26.7,728,26,9,9,453,1,0
26.7,728,26,8,8,459.5,1,0
26.7,728,26,9,9,461.33,1,0
26.7,728,26,8,8,462,1,0
26.8,728,27,7,7,464,1,0
26.7,728,27,7,7,463.5,1,0
26.8,728,27,8,8,463.33,1,0
26.8,728,27,8,8,464,1,0
26.7,728,27,8,9,466,1,0
26.8,728,27,8,8,468,1,0
26.8,728,27,7,7,470.67,1,0
26.8,728,27,8,8,469.5,1,0
26.8,728,28,7,8,472,1,0
26.8,728,28,6,7,476.5,1,0
26.8,729,28,7,7,478.67,1,0
26.9,729,28,7,7,481.5,1,0
26.7,729,28,8,8,485.67,1,0
26.9,729,28,6,6,492.5,1,0
26.9,729,28,6,7,496.67,1,0
27,729,28,6,6,498,1,0
27,729,27,5,5,496,1,0
27,729,28,4,6,491,1,0
27,729,28,5,5,490,1,0
27,729,27,4,5,495,1,0
27.1,729,27,5,6,498,1,0
27.1,729,28,4,5,504.67,1,0
27,729,28,4,4,510,1,0
27.1,729,28,4,4,514.33,1,0
27,729,28,3,4,514,1,0
27,729,28,4,4,510.33,1,0
27.1,729,28,2,4,502.5,1,0
27,729,29,3,3,497.33,1,0
27,729,29,3,3,497.5,1,0
27,729,29,3,3,501.67,1,0
27,729,29,3,4,505.5,1,0
27,729,29,3,4,508,1,0
27,729,29,4,4,509.5,1,0
27,729,29,3,3,506.33,1,0
27,730,29,3,3,517.5,1,0
27,730,29,3,3,529.67,1,0
27,730,29,2,4,533.5,1,0
27,730,30,3,3,527.67,1,0
27,730,30,2,2,522,1,0
27,730,30,3,4,517.33,1,0
27,730,29,3,4,515.5,1,0
27,730,29,3,4,512,1,0
26.9,730,29,3,4,510.5,1,1
27,730,29,3,5,520,1,4
27,730,28,4,5,559,0,7
27.1,730,29,3,4,667.67,0,7
27.2,730,29,4,4,711.5,0,7
27.3,731,29,3,3,721.33,0,7
27.3,731,29,2,3,733,0,7
27.4,731,29,3,3,734.33,0,7
27.5,731,29,2,3,733,0,7
27.5,731,29,2,2,732.33,0,7
27.6,731,29,2,2,730.5,0,7
27.6,731,29,3,3,727.67,0,7
27.7,731,29,2,2,730.5,0,7
27.8,731,30,1,2,738,1,2
27.8,731,29,2,2,686,1,3
27.8,732,29,2,2,624,1,4
27.8,732,28,3,4,601,1,4
27.7,732,28,2,2,573,1,5
27.7,732,28,2,2,566.5,1,5
27.7,732,28,2,2,588,1,5
27.5,732,28,1,2,620.5,1,5
27.4,732,28,2,2,676.33,1,5
27.2,732,28,2,3,703,1,5
27,732,28,1,1,730,1,5
26.8,732,28,1,2,717,1,5
26.6,732,27,1,2,688.33,1,5
26.3,732,28,1,2,686,1,5
26.1,732,28,2,2,677.33,1,5
25.9,732,27,1,2,634.5,1,5
25.8,732,28,2,2,632.67,1,5
25.7,732,27,2,2,619.5,1,5
25.6,733,27,2,2,598,1,5
25.4,733,27,2,2,582.5,1,5
25.2,733,27,2,3,612.67,1,5
25.1,733,27,2,3,627,1,5
25.1,733,27,3,3,653.33,1,5
25,733,27,3,3,666.5,1,5
25,733,27,2,3,685,1,5
25.1,733,28,2,3,675.5,1,5
25.3,733,28,2,2,703.67,1,5
25.2,733,29,2,3,742,1,5
25.2,733,28,2,3,744,1,5
25.3,733,28,2,2,736,1,5
25.2,733,28,2,2,705.67,1,5
25.2,733,28,2,2,707,1,5
25.1,733,28,2,2,707,1,5
25.1,733,28,2,3,693,1,5
25.1,733,28,2,2,700.33,1,5
25,734,27,2,3,602.33,1,5
25,734,27,3,4,637,1,5
24.9,734,27,3,3,649,1,5
24.9,734,27,4,6,661.5,1,5
24.9,734,27,4,4,655.33,1,5
24.9,734,27,4,4,660.5,1,5
24.8,734,27,4,5,668.33,1,5
24.8,734,27,4,4,661,1,5
24.9,734,27,4,5,665.67,1,5
24.8,734,27,4,4,666.5,1,5
24.8,734,27,3,4,688.33,1,5
24.8,734,27,4,4,710.5,1,5
24.9,734,27,4,4,719,1,5
24.9,734,27,3,3,707.5,1,5
24.9,734,27,2,3,713.33,1,5
24.8,734,27,2,2,700.5,1,5
24.8,734,27,3,4,683,1,5
24.8,734,27,3,4,667,1,5
24.7,734,27,2,3,660.33,1,5
24.8,735,27,3,4,678,1,5
24.9,735,26,3,4,685.33,1,5
24.8,735,26,3,4,669.5,1,5
24.7,735,26,3,4,680,1,5
24.7,735,26,4,4,636.5,1,5
24.7,735,26,4,5,632.67,1,5
24.6,735,26,5,5,599.5,1,5
24.6,735,25,6,6,540.33,1,0
24.4,735,25,6,6,503,1,0
24.2,735,25,5,6,483.67,1,0
24,735,25,5,5,472.5,1,0
23.9,735,26,5,5,463.33,1,0
23.8,735,26,4,4,456.5,1,0
23.6,735,26,5,5,449.67,1,0
23.6,735,26,5,6,446,1,0
23.5,735,26,4,5,441.67,1,0
23.4,735,26,5,5,438,1,0
23.3,736,26,4,4,434.5,1,0
23.2,736,26,3,3,435.67,1,0
23.2,736,26,4,4,438,1,0
23.1,736,26,3,3,438.33,1,0
23,736,26,2,2,440,1,0
23,736,27,3,3,437.33,1,0
22.9,736,26,3,3,439,1,0
22.9,736,27,3,3,435.67,1,0
22.8,736,26,3,3,434.5,1,0
22.9,736,26,2,3,433.67,1,0
22.8,736,26,2,2,434,1,0
22.8,736,26,2,3,433.33,1,0
22.8,736,26,0,1,432.5,1,0
22.7,736,26,2,2,433.67,1,0
22.7,736,26,2,2,431,1,0
22.7,737,26,1,1,432,1,0
22.7,737,26,1,2,432,1,0
22.6,737,26,1,2,431.67,1,0
22.6,737,26,0,1,432,1,0
22.6,737,26,1,1,431,1,0
22.7,737,26,2,2,429,1,0
22.6,737,26,1,1,430.33,1,0
22.6,737,26,0,0,431,1,0
22.6,737,27,1,1,428.33,1,0
22.7,737,27,0,0,427,1,0
22.8,737,27,1,1,436.33,1,0
23,737,27,0,0,444,1,0
23.3,737,26,0,0,445,1,0
23.6,738,26,1,1,446.5,1,0
23.8,738,27,1,1,447.67,1,0
23.9,738,26,0,0,452,1,0
24,738,26,0,0,459.67,1,0
24.1,738,26,0,0,458.5,1,0
24.1,738,25,1,1,453.67,1,0
24.2,738,24,1,1,447,1,0
24.3,738,24,0,0,447,1,0
24.3,738,24,1,1,443,1,0
24.3,738,23,0,1,443,1,0
24.3,738,23,1,1,440.33,1,0
24.4,738,23,0,0,438.5,1,0
24.4,738,23,1,1,438.67,1,0
24.5,738,23,0,0,436,1,0
24.5,738,23,0,0,437.67,1,0
24.6,738,23,1,1,435.5,1,0
24.6,738,23,0,1,434,1,0
24.7,738,23,0,0,433.5,1,0
24.7,738,23,0,0,431.33,1,0
24.8,738,23,0,0,431.5,1,0
24.8,738,23,0,1,432.67,1,0
24.8,738,23,0,0,429.5,1,0
24.8,738,23,0,0,431.67,1,0
24.9,738,23,0,0,430.5,1,0
24.9,738,23,0,0,432,1,0
24.9,738,23,0,0,432,1,0
25,738,23,0,0,430,1,0
25,738,23,0,0,430,1,0
25,738,23,0,0,430.33,1,0
25.1,738,23,0,0,429,1,0
25.1,738,23,0,1,428.33,1,0
25.1,738,22,0,0,426.5,1,0
25.1,738,23,0,0,428.33,1,0
25.1,738,23,1,1,426,1,0
25.1,738,23,0,0,425.67,1,0
25.1,738,22,1,1,424.5,1,0
25.2,738,23,0,0,426,1,0
25.2,738,23,0,0,426,1,0
25.2,738,22,0,0,427,1,0
25.2,738,22,0,0,426.5,1,0
25.2,738,22,1,1,425.67,1,0
25.2,738,22,0,0,425,1,0
25,738,23,0,0,423,1,0
25.3,738,22,0,0,424.33,1,0
25.3,738,22,0,0,424.5,1,0
25.2,738,22,0,0,424.67,1,0
25.3,738,22,0,0,424,1,0
25.3,738,22,1,1,422.67,1,0
25.2,738,22,0,0,423.5,1,0
25.3,738,22,0,1,422.67,1,0
25.3,738,22,0,0,422.5,1,0
25.3,738,22,0,0,422.33,1,0
25.3,738,22,1,1,421.5,1,0
25.3,738,22,0,0,421.33,1,0
25.3,738,22,0,0,422,1,0
25.3,738,22,0,0,421.33,1,0
25.3,738,22,0,0,421,1,0
25.4,738,22,0,0,422,1,0
25.3,738,22,0,0,421,1,0
25.4,738,22,0,0,422,1,0
25.4,738,22,0,0,422.5,1,0
25.4,738,22,0,0,422,1,0
25.4,738,22,0,0,420.5,1,0
25.4,738,22,0,0,420,1,0
25.4,738,22,0,0,421,1,0
25.4,738,22,0,0,421.33,1,0
25.4,738,22,0,0,420.5,1,0
25.4,738,22,1,1,419.67,1,0
25.4,738,22,0,0,419.5,1,0
25.4,738,22,0,0,420,1,0
25.4,738,22,0,0,420,1,0
25.4,738,22,0,0,421,1,0
25.4,738,22,0,0,419.5,1,0
25.4,738,22,0,0,419.67,1,0
25.4,738,22,0,0,421,1,0
25.4,738,22,0,0,422,1,0
25.5,738,22,1,1,422,1,0
25.5,738,22,0,0,422,1,0
25.5,738,22,1,1,421.67,1,0
25.4,738,22,0,0,421.5,1,0
25.5,738,22,0,0,423.67,1,0
25.5,738,22,0,0,425.5,1,0
25.4,738,22,1,1,429,1,0
25.4,738,22,0,0,426.5,1,0
25.5,738,22,0,1,428.33,1,0
25.5,738,22,0,2,431,1,0
25.5,738,22,1,1,431.33,1,0
25.5,738,22,0,0,432,1,0
25.5,738,22,1,1,432,1,0
25.5,738,22,1,1,430,1,0
25.5,738,22,0,0,432.33,1,0
25.5,738,22,0,0,432,1,0
25.5,738,22,0,0,431.67,1,0
25.5,738,22,0,0,430.5,1,0
25.5,738,22,0,0,433,1,0
25.4,738,22,0,0,435.5,1,0
25.1,738,22,1,1,433.67,1,0
24.9,738,23,1,1,435,1,0
24.7,738,23,1,1,434.33,1,0
24.6,738,23,0,1,437,1,0
24.4,738,23,1,1,438,1,0
24.3,738,23,1,2,438.5,1,0
24.2,738,23,1,1,440.33,1,0
24.1,738,23,1,1,440.5,1,0
24,738,23,1,1,441.33,1,0
23.9,738,23,1,1,443.5,1,0
23.9,738,24,1,1,441.33,1,0
23.9,738,24,0,1,440,1,0
23.9,738,24,1,1,441,1,0
23.8,738,24,0,0,439,1,0
23.7,738,24,1,1,441,1,0
23.7,738,24,1,1,441,1,0
23.6,738,24,2,2,437.5,1,0
23.5,738,23,4,4,435.33,1,0
22.9,738,23,2,2,434.5,1,0
23.3,738,24,2,3,433,1,0
23.3,738,23,3,3,433,1,0
23.2,738,24,2,3,433,1,0
23.2,738,24,4,4,433.5,1,0
23.3,738,24,3,3,434.33,1,0
23.1,738,24,3,3,435.5,1,0
23.1,738,24,2,3,435.67,1,0
23,738,24,2,3,436,1,0
23,738,24,3,3,435.67,1,0
23,738,24,4,4,435.5,1,0
23,738,24,3,3,438,1,0
23,738,24,3,4,441.5,1,0
22.9,738,23,4,4,452,1,0
22.9,738,23,4,4,459.5,1,0
23,738,23,4,4,466.33,1,0
22.6,738,23,4,5,477.5,1,0
23.1,738,22,4,5,480.33,1,0
23.2,738,22,6,6,484.5,1,0
23.1,738,22,6,6,484,1,0
23.1,738,21,6,6,485,1,0
23,738,22,6,7,487.67,1,0
23,738,21,6,8,493.5,1,0
23,738,21,7,8,503.67,1,0
23,738,22,6,6,525,1,0
22.9,738,22,7,7,526.33,1,1
22.8,738,21,8,8,523,1,1
22.8,738,22,8,8,524,1,1
22.8,738,22,8,8,529.5,1,1
22.7,738,21,8,9,533.67,1,1
22.7,738,21,8,9,531.5,1,1
22.7,738,21,8,8,543.67,1,0
22.6,738,21,9,9,521.67,1,0
22.6,738,21,8,8,523.5,1,0
22.6,738,21,9,10,507,1,0
22.5,738,20,9,10,499.33,1,0
22.5,738,20,9,10,495,1,0
22.5,738,20,9,10,492,1,0
22.5,738,20,10,10,485.5,1,0
22.4,738,21,9,9,495.33,1,0
22.4,738,21,9,10,500,1,0
22.4,738,21,9,10,509.33,1,0
22.3,738,21,9,10,520.5,1,0
22.3,738,21,10,11,521.33,1,0
22.4,738,20,10,10,507,0,3
22.4,738,21,9,10,513,0,3
22.6,738,21,7,8,541,0,3
22.8,738,21,6,6,569.33,1,0
23,738,21,6,6,580.5,1,0
23.2,738,21,7,7,565.33,1,0
23.3,738,21,6,7,542.5,1,0
23.4,738,20,7,7,529,1,0
23.5,738,20,8,8,519.5,1,1
23.5,738,20,6,6,528.33,1,0
23.6,738,20,7,8,526,1,0
23.6,738,20,7,7,523,1,0
23.7,738,20,6,7,519.5,1,0
23.7,738,20,7,8,525.33,1,0
23.8,738,20,7,8,531,1,0
23.8,738,20,7,7,534,1,0
23.8,738,20,7,7,537.5,1,0
23.9,738,20,6,7,543,1,0
23.9,737,20,6,6,539,1,0
24,737,19,6,7,535.33,1,0
24,737,19,6,6,536.5,1,0
24,737,19,6,6,540,1,0
24.1,737,19,6,6,540,1,0
24.1,737,19,6,6,543,1,0
24.1,737,19,6,6,539.67,0,2
24.2,737,19,4,4,535.5,1,0
24.2,737,19,5,5,556.33,1,0
24.2,737,19,6,6,562.5,1,0
24.2,737,19,6,6,557.67,1,0
24.3,737,19,6,6,558.5,1,0
24.3,737,19,4,5,559.33,1,0
24.4,737,19,6,6,558.5,1,0
24.4,737,19,6,6,553,1,0
24.4,737,19,6,6,545,1,0
24.4,737,19,6,6,542.33,1,2
24.4,737,19,6,7,544,0,3
24.5,737,20,13,14,610,0,3
24.3,737,21,9,10,654.5,0,3
24.6,737,21,7,7,662.33,0,3
24.5,737,21,6,6,674.5,0,3
24.4,737,21,6,6,686,0,3
24.3,737,21,7,7,697.5,0,3
24.2,737,22,6,7,698.67,0,3
24.2,737,22,8,9,698.5,0,3
24.2,737,22,7,8,698.33,0,3
24.2,737,22,7,8,699.5,0,3
24.1,737,22,46,47,686.33,1,0
24.1,737,22,10,12,665.5,1,0
24.1,737,21,10,11,632.67,1,0
24.2,737,21,10,11,600.5,1,0
24.3,737,21,11,12,586.67,1,0
24.3,737,21,11,12,580.5,1,0
24.4,737,21,11,12,581,1,0
24.4,737,21,10,10,579,1,0
24.4,737,21,8,9,579.67,1,0
24.4,738,21,8,9,583.5,1,0
24.4,738,21,7,7,583.67,1,0
24.4,738,21,7,8,577.5,1,0
24.5,738,21,6,6,568,1,0
24.5,738,21,6,7,566.33,1,0
24.5,738,21,6,6,564.5,1,0
24.5,738,21,6,6,565.33,1,0
24.5,738,21,6,6,564,1,0
24.5,738,22,7,7,562,1,0
24.5,738,22,6,6,557.5,1,0
24.5,738,22,9,9,554,1,0
24.5,738,22,8,10,551,1,0
24.5,738,22,10,10,542,1,0
24.6,738,22,10,10,529.5,1,0
24.6,738,22,9,10,525.33,1,0
24.6,738,22,10,10,514,1,0
24.6,738,21,8,8,505.67,1,0
24.6,738,22,8,8,500.5,1,0
24.6,738,22,8,8,495,1,0
24.6,738,22,8,8,486.5,1,0
24.6,738,22,8,9,479,1,0
24.6,738,22,8,8,471,1,0
24.6,738,22,8,8,467.67,1,0
24.6,738,22,8,9,460,1,0
24.6,738,22,8,8,458.33,1,0
24.6,738,23,8,8,455.5,1,0
24.6,738,23,8,8,455.33,1,0
24.6,738,23,6,7,454,1,0
24.6,738,23,6,8,454.67,1,0
24.6,738,23,6,6,450,1,0
24.6,738,23,5,5,450.67,1,0
24.6,738,23,5,6,448,1,0
24.7,738,23,5,5,445.67,1,0
24.7,738,23,4,4,443.5,1,0
24.7,738,23,5,5,438.67,1,0
24.7,738,23,4,5,440,1,0
24.7,738,23,4,4,437,1,0
24.7,738,23,4,4,433,1,0
24.7,738,24,4,4,434.5,1,0
24.7,738,24,3,3,431.67,1,0
24.8,738,24,4,4,430.5,1,0
24.8,738,24,3,3,429.33,1,0
24.8,737,24,3,4,428,1,0
24.8,737,24,3,3,426.67,1,0
24.8,737,24,4,4,426,1,0
24.8,737,24,3,3,424.33,1,0
24.8,737,24,4,4,424,1,0
24.8,738,24,3,3,426,1,0
24.8,738,24,3,3,424.5,1,0
24.8,738,24,3,3,422.67,1,0
24.8,738,24,2,2,423,1,0
24.8,738,24,2,3,421,1,0
24.8,738,24,4,4,420.5,1,0
24.8,737,24,3,3,421,1,0
24.8,737,24,4,4,419,1,0
24.8,737,24,3,3,420.67,1,0
24.8,737,25,4,4,419.5,1,0
24.8,737,25,4,4,420.67,1,0
24.8,738,26,4,4,421,1,0
24.8,738,26,4,5,428,1,0
24.8,738,27,5,6,435,1,1
24.8,738,29,5,6,438,1,0
24.8,738,29,7,7,439.5,1,0
24.8,737,29,6,6,441.33,1,0
24.8,737,28,5,6,441,1,0
24.8,738,27,4,5,438,1,0
24.8,738,27,4,4,436,1,0
24.9,738,26,3,3,434.33,1,0
24.9,738,26,3,4,436.5,1,0
24.9,739,26,3,3,437,1,0
24.9,738,26,2,3,436.5,1,0
24.9,738,26,3,3,437,1,0
25,738,26,2,3,437,1,0
25,738,25,2,3,438,1,0
25,738,25,2,2,439.33,1,0
25,738,25,2,2,440.5,1,0
25,738,25,2,2,440.33,1,0
25,738,25,2,2,441.5,1,0
25,738,25,2,2,442.33,1,0
25,738,25,2,2,442.5,1,0
25,738,24,2,2,444.33,1,0
25,738,24,2,2,443,1,0
25,738,24,2,2,443,1,0
25,738,24,2,2,442,1,0
25,738,24,2,2,442.67,1,0
25,738,24,2,2,440,1,0
25,738,24,2,2,440.33,1,0
25,738,24,2,2,442,1,0
25.1,738,24,1,2,440,1,0
25.1,738,24,2,2,438.5,1,0
25,738,24,1,1,439.67,1,0
25.1,738,23,2,2,440.5,1,0
25.1,738,23,2,2,437,1,0
25.1,738,23,2,2,437,1,0
25.1,738,23,1,2,436.67,1,0
25.1,738,23,2,2,437.5,1,0
25.1,738,23,2,2,435.67,1,0
25.1,738,23,2,2,435,1,0
25.1,738,23,2,2,436.33,1,0
25.1,738,23,2,2,434,1,0
25.1,738,23,2,2,434,1,0
25.1,738,23,2,2,433,1,0
25.1,738,23,2,2,431.67,1,0
25.1,738,23,2,2,432,1,0
25.1,738,23,2,2,432,1,0
25.1,738,23,2,2,431.5,1,0
25.1,737,23,1,1,431.33,1,0
25.1,737,23,2,2,430.5,1,0
25.2,737,23,2,2,430,1,0
25.2,737,23,1,1,429,1,0
25.2,737,22,2,2,429.5,1,0
25.2,737,22,2,2,431.67,1,0
25.2,737,22,2,2,426,1,0
25.2,737,22,1,2,428.33,1,0
25.2,737,22,2,2,428.5,1,0
25.2,737,22,2,2,428.67,1,0
25.2,737,22,2,2,428.5,1,0
25.2,737,22,1,1,429.67,1,0
25.2,737,22,1,2,428,1,0
25.2,737,22,1,2,427,1,0
25.2,737,22,2,2,426.5,1,0
25.2,737,22,1,1,427,1,0
25.2,737,22,2,2,428.5,1,0
25.2,737,22,2,2,428,1,0
25.2,737,22,4,4,427,1,0
25.2,737,22,2,2,425.33,1,0
25.2,737,22,2,2,425,1,0
25.2,737,22,1,1,424.67,1,0
25.2,737,22,2,2,425,1,0
25.2,737,22,1,1,425.67,1,0
25.2,737,22,2,2,424.5,1,0
25.2,737,22,1,1,425,1,0
25.2,737,22,2,2,426.5,1,0
25.1,737,22,2,2,423.33,1,0
25.2,737,22,1,1,427.5,1,0
25.2,737,22,1,1,426,1,0
25.2,737,22,2,2,422,1,0
25.2,737,22,2,2,425.33,1,0
25.2,737,22,2,2,425.5,1,0
25.2,737,22,2,2,426.33,1,0
25.2,737,22,2,2,423.5,1,0
25.2,737,22,2,2,425,1,0
25.2,737,22,2,2,423.5,1,0
25.2,737,22,2,2,424.5,1,0
25.2,737,22,2,2,424.33,1,0
25.2,737,22,2,2,423,1,0
25.3,737,22,2,2,424,1,0
25.2,737,22,2,2,425.5,1,0
25.3,737,22,1,1,424.33,1,0
25.3,737,22,1,2,424,1,0
25.3,737,21,2,2,425.67,1,0
25.3,737,22,1,1,426,1,0
25.3,737,22,2,2,424.67,1,0
25.3,738,22,1,1,426,1,0
25.2,738,21,1,2,426.67,1,0
25.2,738,22,1,1,425.5,1,0
25.3,737,21,1,1,423,1,0
25.3,737,21,2,2,423.5,1,0
25.3,737,21,1,1,423.67,1,0
25.3,737,22,1,1,422.5,1,0
25.2,737,22,1,1,424.33,1,0
25.2,737,22,2,3,423.5,1,0
25.2,737,22,3,3,422.33,1,0
25.2,737,22,2,2,424.5,1,0
25.3,737,22,3,3,424,1,0
25.2,737,22,3,4,425.5,1,0
25.2,737,22,3,3,424.33,1,0
25.2,737,22,3,3,426.5,1,0
25.3,737,22,4,4,429.5,1,0
25.3,737,22,3,3,429.67,1,0
25.3,738,22,2,3,432,1,0
25.3,738,22,2,2,432.67,1,0
25.3,738,22,3,3,432.5,1,0
25.2,738,22,3,3,435.67,1,0
25.2,738,22,3,3,435,1,0
25.2,738,22,3,3,435.33,1,0
25.2,738,22,3,3,441,1,0
25.2,738,22,2,3,442.33,1,0
24.9,738,23,4,4,447.33,1,0
24.7,738,23,4,4,446.5,1,0
24.5,738,23,5,5,445,1,0
24.3,738,23,4,4,444,1,0
24.2,738,23,5,5,443,1,0
24.1,738,23,5,5,446,1,0
23.9,738,24,4,5,449.33,1,0
23.8,738,24,5,5,450.5,1,0
23.7,738,24,4,4,447.33,1,0
23.7,738,24,4,4,448.5,1,0
23.7,738,25,3,3,449.67,1,0
23.7,738,25,4,4,453,1,0
23.7,738,25,3,4,457,1,0
23.6,738,25,4,4,460,1,0
23.6,738,25,4,4,460,1,0
23.5,738,25,4,4,459.5,1,0
23.4,738,24,3,3,455,1,0
23.4,738,24,2,3,453,1,0
23.4,738,24,3,3,455.33,1,0
23.4,738,24,4,4,454.5,1,0
23.3,738,24,3,3,460,1,0
23.3,738,24,3,3,464,1,0
23,738,24,3,3,472.67,1,0
23.2,738,24,2,2,475,1,0
23.1,738,25,3,3,485,1,0
23.1,738,25,7,8,496.5,1,0
23,738,25,4,4,496.67,0,2
23,738,25,2,3,510.5,0,4
23.2,738,25,3,3,592.33,0,4
23.4,738,26,2,2,648,0,4
23.7,738,25,2,3,659.33,0,4
23.9,738,25,3,3,669,0,4
24,738,25,2,2,670,0,4
24.1,738,25,2,2,673.5,0,4
24.3,738,24,2,3,684.33,0,4
24.5,738,24,2,2,697,0,4
24.6,738,24,2,2,676,0,4
24.6,739,23,2,3,666.33,0,4
24.7,739,23,3,3,661,0,4
24.8,739,23,2,2,663.67,0,4
24.9,739,23,2,3,666,0,4
24.9,739,23,2,3,679,0,4
25.1,739,23,2,2,685.5,1,0
25,739,23,3,3,602.33,1,0
24.7,738,22,2,2,570,1,0
24.9,739,22,2,2,559.33,1,0
24.8,739,22,2,2,552,1,0
24.8,739,22,2,3,541,1,0
24.8,739,22,2,2,536,1,0
24.7,739,22,2,2,537.67,1,0
24.7,739,22,2,2,537,1,0
24.7,739,22,2,2,532.67,1,0
24.7,739,22,3,3,516,1,0
24.7,739,22,2,2,500.33,1,0
24.6,739,22,2,2,493,1,0
24.6,739,21,1,2,484.67,1,0
24.6,739,21,2,2,480,1,0
24.6,739,21,1,1,476.67,1,0
24.2,738,21,1,1,476.5,1,0
24.5,739,21,1,1,477,1,0
24.5,739,21,2,2,480.5,1,0
24.5,739,21,1,2,481.67,1,0
24.5,739,20,2,2,482,1,0
24.5,739,20,2,2,482,1,0
24.5,739,20,1,2,481,1,0
24.5,739,20,2,2,481.33,1,0
24.5,739,20,1,1,485.5,1,0
24.5,739,20,1,2,487,1,0
24.5,739,20,2,2,493.5,1,0
24.5,739,20,2,2,498.67,1,0
24.5,739,20,2,2,496,1,0
24.4,739,20,2,2,494.5,1,0
24.4,739,20,2,2,491.33,1,0
24.4,739,20,2,2,489.5,1,0
24.4,739,20,1,2,493.33,1,0
24.5,739,20,2,2,512,1,0
24.5,739,20,1,1,519.67,1,0
24.5,739,20,2,2,511,1,0
24.5,739,20,1,2,506,1,0
24.5,739,20,1,2,506,1,0
24.5,739,20,1,1,509.33,1,0
24.5,739,20,1,2,511,0,0
24.6,739,21,1,1,520.33,0,0
24.7,739,21,1,1,527,0,0
24.7,739,21,1,2,532,0,0
24.8,739,21,1,1,536,0,0
24.9,739,21,1,1,534,0,0
24.9,739,21,1,1,533.5,0,0
25,739,21,1,2,536,0,0
25,739,21,1,2,539.5,0,0
25.1,739,21,1,1,540,0,1
25.1,739,21,2,2,543.5,1,0
25.1,739,21,1,1,538.67,1,0
25.1,739,21,1,1,533.5,1,0
25.1,739,21,1,1,529.33,1,0
25,739,21,2,2,531,1,0
25,739,21,1,2,529.67,1,0
25,739,21,1,1,528.5,1,0
25,739,21,1,1,527,1,0
25,739,21,2,2,523,1,0
24.9,739,21,1,1,520,1,0
25,739,21,1,1,517.5,1,0
24.9,739,21,1,1,515.33,1,0
24.9,739,21,1,1,515.5,1,0
24.9,739,21,2,2,511.33,1,0
24.9,739,22,1,1,508.67,1,0
24.9,739,22,0,0,506,1,0
24.9,739,22,0,0,504.67,0,1
24.9,739,22,1,2,529.5,0,1
24.9,739,22,1,2,549.67,0,0
24.9,739,22,2,2,558.5,0,0
25,739,22,1,2,544,0,0
25,739,22,0,2,536.5,0,0
25,739,22,0,1,531.33,0,0
25,740,21,0,0,525.5,0,0
25,740,22,0,1,524.33,0,2
25,740,22,0,0,544,0,2
25.1,740,22,0,1,570.67,0,2
25.2,740,22,0,0,595,0,0
25.2,740,22,0,0,610,0,0
25.3,740,22,0,0,609,0,0
25.3,739,22,0,0,605.33,0,0
25.3,739,22,0,0,603,0,0
25.3,739,22,0,0,597.33,0,0
25.3,739,22,0,0,597.5,0,0
25.3,739,22,1,1,596,0,0
25.3,739,22,0,0,592.5,0,0
25.3,739,21,1,1,586.67,0,0
25.3,739,21,0,0,582.5,0,0
25.3,739,22,0,0,576.67,0,0
25.2,739,21,0,0,568.5,0,0
25.3,739,21,0,0,564.33,0,0
25.3,740,21,0,0,560.5,0,0
25.3,740,21,1,1,554.33,0,0
25.3,740,21,0,0,547,0,0
25.3,740,21,0,0,543.33,0,0
25.3,740,21,0,0,540,0,0
25.3,740,21,0,0,533.33,0,0
25.3,740,21,0,0,531.5,0,0
25.3,740,21,0,0,528.67,0,0
25.3,740,21,0,0,524.33,0,0
25.3,740,21,0,0,522.5,0,0
25.3,740,21,0,0,520.67,0,0
25.3,740,21,0,0,517,0,0
25.3,740,21,1,1,516.33,0,0
25.3,740,21,0,0,514.5,0,0
25.3,740,21,0,0,513.67,0,0
25.3,740,21,0,0,513.5,0,0
25.3,740,21,0,0,512.33,0,0
25.3,740,21,0,0,511,0,0
25.3,740,21,0,1,511.33,0,0
25.3,740,21,1,1,510,0,0
25.3,740,21,0,0,507.33,0,0
25.3,740,21,0,0,507,0,0
25.3,740,21,0,0,504,0,0
25.3,740,21,0,0,503,0,0
25.3,740,21,0,0,500,0,0
25.3,740,21,0,0,497.5,0,0
25.3,740,21,0,0,495.67,0,0
25.4,740,21,0,0,494.5,0,0
25.4,740,21,0,0,494,0,0
25.3,740,21,0,0,493,0,0
25.4,740,21,0,0,489,0,0
25.4,740,21,0,0,488,0,0
25.4,740,21,1,1,485.33,0,0
25.4,740,21,0,0,486.5,0,0
25.4,740,21,0,0,485,0,0
25.4,740,21,0,0,483,0,0
25.4,740,21,0,0,482.67,0,0
25.4,740,21,0,0,482.5,0,0
25.4,740,21,1,1,480.67,0,0
25.3,740,21,2,2,480.5,0,0
25.3,740,21,0,0,481.67,0,0
25.3,740,21,0,0,479,1,0
25.3,740,21,1,1,487.33,1,0
25.2,740,22,1,1,502,1,0
25.2,740,24,1,1,508.5,1,0
25.2,740,25,2,2,518.67,1,0
25.2,740,25,0,1,522.5,1,0
25.2,740,24,1,1,517.67,1,0
25.2,740,24,0,0,515,1,0
25.2,740,24,1,1,512,1,0
25.2,740,24,0,0,510,1,0
25.2,740,24,0,0,506.33,1,0
25.2,740,24,2,2,507,1,0
25.2,740,23,0,0,503.67,1,0
25.2,740,23,0,0,502,1,0
25.1,740,23,0,0,500,1,0
25.1,740,23,0,0,498.5,1,0
25.1,740,23,1,1,498,1,0
25.1,740,23,0,0,495,1,0
25.1,740,23,1,1,492,1,0
25.1,740,23,0,0,492,1,0
25.1,740,22,1,1,491.33,1,0
25.1,740,22,0,0,488.5,1,0
25.1,740,22,0,0,488.67,1,0
25.1,740,22,0,0,485.5,1,0
25.1,740,22,0,0,484,1,0
25.1,740,22,0,0,483.5,1,0
25.1,740,22,0,0,480.33,1,0
25.1,740,22,0,0,482.5,1,0
25.1,740,22,0,0,479,1,0
25.1,740,22,1,1,479.5,1,0
25.1,740,22,1,1,477,1,0
25,740,22,0,0,475.5,1,0
25.1,740,22,0,0,474.33,1,0
25.1,740,22,0,0,475.5,1,0
25.1,740,22,0,0,471.67,1,0
25.1,740,22,1,1,473,1,0
25.1,740,22,1,1,472.67,1,0
25.1,740,22,0,0,468,1,0
25.1,740,21,0,0,466.5,1,0
25.1,740,21,1,1,466.67,1,0
25.1,740,21,0,0,464,1,0
25.1,741,21,0,0,463,1,0
25.1,741,21,0,0,462,1,0
25.1,741,21,0,0,464.67,1,0
25.1,741,21,0,0,462.5,1,0
25.1,741,21,1,1,459.67,1,0
25.1,741,21,0,0,458.5,1,0
25.1,741,21,0,0,458.67,1,0
25.1,741,21,1,1,457.5,1,0
25.1,741,21,0,0,457.67,1,0
25.1,741,21,0,0,457,1,0
25.1,741,21,0,0,455.67,1,0
25.1,741,21,0,0,455,1,0
25.1,741,21,0,0,453.33,1,0
25.1,741,21,0,0,454,1,0
24.8,740,21,0,0,454.33,1,0
25.1,741,21,0,0,455.5,1,0
25,741,21,0,0,450.33,1,0
25,741,21,0,0,450.5,1,0
25,741,21,0,0,450,1,0
25,741,21,1,1,449.33,1,0
25,741,21,0,0,448,1,0
25,741,21,0,0,448.67,1,0
25,741,21,0,0,446,1,0
25,741,21,1,1,446.33,1,0
25,741,21,1,1,447,1,0
25,741,21,0,0,445.33,1,0
25,741,21,0,0,446,1,0
25,741,21,0,0,445.67,1,0
25,741,21,0,0,443,1,0
25,741,21,1,1,443.67,1,0
25,741,21,0,0,443.5,1,0
25,741,21,0,0,444,1,0
25,741,21,1,1,442.33,1,0
25,741,21,1,1,441,1,0
25,741,21,0,0,439.67,1,0
25,741,21,0,0,440.5,1,0
25,741,21,1,1,438.33,1,0
25,741,21,0,0,437.5,1,0
25,741,21,0,0,436.33,1,0
25,741,21,0,0,437,1,0
25,741,21,0,0,434,1,0
25,741,22,2,2,433.5,1,0
25,741,21,1,1,432.33,1,0
25,741,21,0,0,431.5,1,0
25,741,21,1,1,433.33,1,0
25,741,21,0,0,430.5,1,0
25,741,21,0,0,431.67,1,0
25,741,21,0,0,428.5,1,0
25,741,21,0,0,429.33,1,0
25,741,21,0,0,427.5,1,0
25,741,21,0,0,426,1,0
25,741,21,0,1,426,1,0
25,741,21,0,0,427.33,1,0
25,741,21,0,0,428,1,0
25,741,21,0,0,429,1,0
25,741,21,0,0,429.5,1,0
25,741,21,0,0,430.33,1,0
25,741,21,0,0,431.5,1,0
25,741,21,0,0,433,1,0
25,741,21,0,0,434.5,1,0
25,741,21,0,0,435,1,0
25,741,21,0,0,435,1,0
25,741,21,0,0,435.67,1,0
25,741,21,0,0,435.5,1,0
25,741,21,0,1,437.33,1,0
24.9,741,21,0,0,440,1,0
24.9,741,21,0,0,436.5,1,0
24.8,741,21,0,0,433.67,1,0
24.8,741,22,0,0,432.5,1,0
24.8,741,22,1,1,428,1,0
24.8,741,22,0,0,427,1,0
24.8,741,22,1,1,428.33,1,0
24.8,742,22,1,1,430,1,0
24.7,742,22,1,1,430.33,1,0
24.7,741,22,0,1,431,1,0
24.7,742,22,1,1,433.67,1,0
24.7,742,22,0,0,435.5,1,0
24.7,742,22,0,1,438,1,0
24.7,742,22,0,0,441,1,0
24.7,742,22,1,1,444.33,1,0
24.7,742,22,0,0,446.5,1,0
24.7,742,22,0,1,450.33,1,0
24.7,742,22,0,0,449,1,0
24.6,742,22,1,1,454.33,1,0
24.6,742,23,0,0,453.5,1,0
24.7,742,23,1,1,456.67,1,0
24.6,742,23,0,0,458.5,1,0
24.6,742,23,1,1,459,1,0
24.6,742,23,1,1,461,1,0
24.6,742,23,1,1,465.33,1,0
24.3,742,23,1,1,471.5,1,0
24.6,742,23,1,1,475.67,1,0
24.6,742,23,1,1,481.5,1,1
24.6,742,23,1,1,493.67,1,0
24.7,742,23,1,2,508,1,0
24.8,742,23,1,1,510,1,0
24.9,742,23,1,1,511.5,1,0
24.9,742,23,1,1,515,1,0
24.9,742,23,1,1,521.5,1,0
25,742,23,1,1,524,1,0
25,742,23,1,1,524,1,0
25,742,23,1,1,533.5,1,0
25,742,23,1,1,545,1,0
25,742,23,2,2,547,1,3
25,742,23,2,2,573.33,1,3
25.1,742,23,1,2,626.5,1,3
25.2,742,23,1,1,642,1,0
25.2,742,23,1,2,641.5,1,0
25.2,742,23,2,2,621.33,1,0
25.2,742,23,1,1,606,1,0
25.2,742,23,1,1,601,1,0
25.2,742,23,2,2,610.5,1,0
25.2,742,23,1,2,600.33,1,0
25.2,742,23,1,2,582.5,1,0
25.2,742,24,2,2,580,1,0
25.2,742,24,1,1,571,1,0
25.2,742,24,1,1,559,1,0
25.2,742,24,2,2,550.5,1,0
25.2,742,24,2,2,542.67,1,0
25.2,742,24,2,2,539.5,1,0
25.3,742,24,2,2,537,1,0
25.3,742,24,1,1,539,1,0
25.3,742,25,1,1,543,0,0
25.3,742,24,0,0,539.5,0,1
25.3,742,25,1,1,536.67,0,1
25.3,742,25,1,1,546,0,1
25.3,742,25,1,1,555.67,0,0
25.1,742,25,1,1,556.5,0,0
25.4,742,24,1,1,548.33,1,2
25.4,742,25,1,1,558,0,3
25.4,742,25,1,1,592.33,0,2
25.5,742,24,2,2,621.5,0,2
25.6,742,24,6,6,633,0,2
25.6,742,24,6,6,629.5,0,2
25.7,742,24,12,12,643.33,0,2
25.7,742,24,18,18,642,0,2
25.8,742,24,0,0,640.5,0,2
25.8,742,24,1,1,635.33,0,2
25.8,742,23,0,1,633,0,2
25.7,742,23,0,1,632,0,2
25.9,742,23,1,1,638,1,1
25.9,742,23,1,1,636.33,0,3
25.9,742,24,0,0,659.5,0,3
26,742,23,2,2,675.33,0,3
26,742,23,4,4,680.5,0,3
26.1,742,23,3,3,689,0,3
26.1,742,23,1,1,685.5,0,3
26.2,743,23,1,1,676,1,2
26.2,743,23,4,4,674,1,3
25.8,743,24,12,12,745,1,1
25.8,743,24,1,2,686.67,1,0
26,743,23,1,1,635,1,0
26.1,743,23,1,1,595.33,1,0
26.2,743,23,2,2,576.5,1,0
26.2,743,22,2,2,564.33,1,0
26.2,743,22,2,2,559,1,0
26.2,743,22,3,4,550,1,0
26.3,743,22,4,5,546,1,0
26.3,743,22,4,5,542.33,1,0
26.3,743,22,2,3,551,1,0
26.2,743,22,4,4,549,1,0
26.2,743,21,4,4,552.5,1,0
26.2,743,21,4,4,547.67,1,0
26.2,743,21,5,6,554.5,1,0
26.2,743,21,6,7,552.33,1,0
26.2,743,21,5,6,544,1,0
26.1,743,21,5,5,537,1,0
26.1,743,21,3,4,533,1,0
26.1,743,21,3,3,536.33,1,0
26.1,743,21,2,3,535.5,1,0
26.1,743,21,2,3,536.33,1,0
26.1,743,21,1,1,542,1,0
26.1,743,21,2,2,546,1,0
26.2,743,21,2,2,549.67,1,0
26.2,743,21,2,2,546.5,1,0
26.2,743,22,2,2,548.33,1,0
26.2,743,21,1,1,547,1,0
26.1,743,22,2,2,560,1,0
26.1,743,22,2,2,573.5,1,0
26.1,743,22,2,3,576,1,0
26.2,743,22,0,0,585.5,1,0
26.2,743,22,2,2,580,1,0
26.2,743,21,2,2,571.5,1,0
26.2,743,21,2,3,570,1,0
26.2,743,21,2,2,566,1,0
26.2,743,21,1,1,560,1,0
26.2,743,21,2,2,547,1,0
26.1,743,21,2,2,536.67,1,0
26.1,743,21,2,2,526.5,1,0
26.1,743,21,1,1,515.33,1,0
26,743,21,1,1,509,1,0
26,742,21,2,2,501.67,1,0
26,742,21,1,1,496.5,1,0
26,743,21,2,2,491.33,1,0
26,743,21,2,2,483.5,1,0
25.9,743,22,3,3,477.33,1,0
25.9,743,21,2,2,470.5,1,0
25.8,743,22,1,1,466.33,1,0
25.9,743,22,2,2,464.5,1,0
25.9,743,21,2,2,461.67,1,0
25.9,743,21,2,2,470,1,0
25.9,743,21,2,2,464.33,1,0
25.9,743,21,2,2,466,1,0
25.9,743,21,2,2,471,1,0
25.8,743,21,2,2,472,1,0
25.8,743,21,1,1,472.67,1,0
25.8,743,21,2,2,482.67,1,0
25.7,743,21,1,1,486.5,1,0
25.9,743,21,1,1,486,1,0
25.9,743,21,1,2,491.5,1,0
25.9,743,21,2,2,487,1,0
25.9,743,21,2,2,484,1,0
25.9,743,21,1,1,486,1,0
26,743,21,2,2,480.5,1,0
25.9,743,21,2,2,485.67,1,0
25.9,743,21,4,4,483,1,0
25.8,743,21,4,4,480.67,1,0
25.8,743,21,1,1,482,1,0
25.8,743,21,2,2,477.67,1,0
25.9,743,21,2,2,477.5,1,0
25.9,743,21,2,3,477.33,1,0
25.8,743,21,2,3,476.5,1,0
25.8,743,21,2,3,473,1,0
25.8,743,21,4,4,471,1,0
25.8,743,21,3,3,469,1,0
25.8,743,21,2,2,469,1,0
25.7,743,21,1,2,468.67,1,0
25.7,743,21,1,1,466,1,0
25.7,743,21,2,2,467,1,0
25.7,743,21,2,2,464.5,1,0
25.7,743,21,3,3,466.67,1,0
25.8,743,21,2,2,463.5,1,0
25.7,743,21,4,4,462.67,1,0
25.7,743,21,2,2,459,1,0
25.7,743,21,2,2,459.33,1,0
25.7,743,21,2,3,460,1,0
25.7,743,21,2,2,459,1,0
25.7,743,21,3,3,459.5,1,0
25.7,743,21,1,1,457.33,1,0
25.7,743,21,2,2,457.5,1,0
25.7,743,21,3,3,457.33,1,0
25.7,743,21,2,2,457,1,0
25.7,743,21,6,6,456.5,1,0
25.7,743,21,3,3,456.67,1,0
25.7,743,21,2,2,454,1,0
25.7,743,21,3,3,453.67,1,0
25.7,743,21,1,1,457,1,0
25.7,743,21,2,2,456.67,1,0
25.7,743,21,2,2,451.5,1,0
25.7,743,21,1,1,455.67,1,0
25.7,742,21,3,3,456.5,1,0
25.7,743,21,2,2,455,1,0
25.6,745,20,4,4,437.67,1,0
25.7,745,20,5,6,441.5,1,0
25.7,745,21,3,3,441.67,1,0
25.5,745,20,4,4,438,1,0
25.5,745,20,2,3,438.33,1,0
25.7,745,20,2,2,438.5,1,0
25.7,745,20,3,3,440.33,1,0
25.6,745,20,2,3,438,1,0
25.6,745,20,3,3,438.33,1,0
25.6,745,20,2,2,435.5,1,0
25.6,745,20,2,3,441.33,1,0
25.6,745,20,4,4,437.5,1,0
25.6,745,20,3,3,438,1,0
25.7,745,20,4,4,437,1,0
25.5,745,20,2,2,436.33,1,0
25.6,745,20,2,2,434.5,1,0
25.7,745,20,2,2,437.33,1,0
25.7,745,20,2,2,435.5,1,0
25.6,745,20,3,3,437,1,0
25.6,745,20,3,3,434.5,1,0
25.6,745,20,3,3,432.67,1,0
25.7,745,20,2,2,436.5,1,0
25.7,745,20,4,4,433.33,1,0
25.7,745,20,3,4,437,1,0
25.7,745,20,2,2,434.5,1,0
25.7,745,20,2,2,435.67,1,0
25.6,745,20,2,2,435.5,1,0
25.6,745,20,3,3,433.33,1,0
25.6,745,20,2,2,431,1,0
25.4,745,20,2,3,432,1,0
25.7,745,20,2,2,435.5,1,0
25.7,745,20,2,2,433.67,1,0
25.6,745,20,2,2,432,1,0
25.6,745,20,3,3,434,1,0
25.7,745,20,3,3,435,1,0
25.6,745,20,2,2,432,1,0
25.6,745,20,2,2,432.5,1,0
25.6,745,20,2,2,437,1,0
25.6,745,20,2,2,431.5,1,0
25.7,745,20,3,3,433.33,1,0
25.6,745,20,2,2,431.5,1,0
25.6,745,20,2,2,432.67,1,0
25.6,745,20,2,2,434.5,1,0
25.6,745,21,2,2,432.67,1,0
25.6,745,21,4,4,433.5,1,0
25.6,745,21,4,4,432.67,1,0
25.7,745,21,2,2,434,1,0
25.7,745,21,3,3,432.33,1,0
25.7,745,21,3,3,432.5,1,0
25.7,745,21,2,2,431.67,1,0
25.6,745,21,2,2,432.5,1,0
25.6,745,21,2,2,432.67,1,0
25.6,745,21,2,2,431.5,1,0
25.6,745,21,2,2,435.67,1,0
25.6,745,21,2,2,439,1,0
25.7,745,21,3,3,432.67,1,0
25.7,745,21,3,4,436,1,0
25.7,745,21,5,5,439.33,1,0
25.7,745,21,4,4,437,1,0
25.7,745,21,3,3,440.5,1,0
25.7,745,21,3,3,439.67,1,0
25.7,745,21,4,4,440.5,1,0
25.7,745,21,3,3,439.67,1,0
25.7,745,21,4,4,438.5,1,0
25.7,745,21,4,4,442.33,1,0
25.7,745,21,5,5,441,1,0
25.7,745,21,4,4,440,1,0
25.7,745,21,3,3,441,1,0
25.4,744,21,4,4,440.67,1,0
25.7,745,21,4,4,440.5,1,0
25.8,745,21,3,3,440.67,1,0
25.8,745,21,2,2,439.5,1,0
25.8,745,21,2,3,440.67,1,0
25.7,745,21,4,4,440.5,1,0
25.7,745,21,4,5,442.33,1,0
25.7,745,21,4,4,436,1,0
25.7,745,21,4,4,439.33,1,0
25.7,745,21,3,3,437.5,1,0
25.7,745,21,3,3,437.33,1,0
25.6,745,21,4,4,432,1,0
25.7,745,21,4,4,436,1,0
25.7,745,21,4,4,434.5,1,0
25.7,745,21,4,4,432.33,1,0
25.7,745,21,3,4,435,1,0
25.7,745,21,6,6,435.67,1,0
25.7,745,21,6,6,438,1,0
25.7,745,21,4,4,439.33,1,0
25.7,745,21,4,4,437.5,1,0
25.7,745,21,4,5,435,1,0
25.7,745,21,4,4,437.5,1,0
25.7,745,21,6,7,440.33,1,0
25.6,745,22,6,6,443.5,1,0
25.6,745,22,6,7,446.67,1,0
25.6,745,22,6,7,446.5,1,0
25.7,746,22,8,9,456.5,1,0
25.6,746,23,11,12,455.33,1,0
25.6,746,23,12,12,455.5,1,0
25.6,746,23,10,11,460,1,0
25.6,746,23,10,11,452,1,0
25.6,746,23,10,11,454,1,0
25.6,746,23,9,10,452.5,1,0
25.6,746,23,9,10,449,1,0
25.6,746,23,10,10,447.5,1,0
25.6,746,23,7,8,447.67,1,0
25.6,746,23,8,9,445,1,0
25.5,746,23,8,9,446,1,0
25.5,746,23,6,8,448,1,0
25.5,746,23,6,7,453.33,1,0
25.4,746,23,6,8,457.5,1,0
25.4,746,23,6,6,458.67,1,0
25.3,746,23,6,7,465,1,0
25.3,746,23,6,6,472.67,1,0
25.2,746,23,6,8,481,1,0
25.2,746,23,6,7,479,1,0
25.1,746,23,6,7,486.5,1,0
25.1,746,23,6,6,493.67,1,0
25.1,746,23,6,7,494,1,0
25.1,746,23,5,6,493.67,1,0
25.1,746,23,5,6,486.5,1,0
25.2,746,23,4,5,488,1,0
25.1,746,23,3,3,493.5,1,0
25.1,746,23,4,4,503.33,1,0
25.2,746,22,3,3,512.5,1,0
25.2,746,22,4,4,522.67,1,0
25.1,746,22,4,5,523,1,0
25.1,746,22,4,4,529,1,0
25.1,746,22,4,4,536.5,1,0
25.1,746,22,3,4,535.67,1,0
25.1,746,22,3,4,538,1,0
25.1,745,22,6,6,559,1,0
25.1,745,22,3,3,557.33,1,0
25.1,745,22,5,6,575,1,0
25.2,745,22,2,2,571.67,1,0
25.2,745,22,3,3,562.5,1,0
25.2,745,22,3,3,567.67,1,0
25.2,745,22,5,5,573.5,1,0
25.2,745,22,6,6,575.33,1,0
25.2,745,21,3,4,585,1,0
25.1,745,21,3,3,598,1,0
25.1,745,21,2,2,587.5,1,0
25.1,745,21,3,3,586,1,0
25.1,745,21,2,2,584,1,0
25.1,745,21,3,3,581.33,1,0
25.1,745,21,2,3,563.5,1,0
25.2,745,21,1,1,559,1,0
25.2,745,21,1,1,552.5,1,0
25.2,745,21,4,4,546.33,1,0
25.2,745,21,2,2,541,1,1
25.2,745,21,2,2,562,1,1
25.3,745,21,2,2,584.5,1,2
25.2,745,21,2,2,587.67,1,0
25.3,745,21,1,2,595,1,0
25.4,745,21,1,1,575,1,0
25.4,745,21,2,2,558.5,1,0
25.4,745,21,2,2,560,1,1
25.4,745,21,2,2,619,1,5
25.6,745,22,3,4,738.67,1,4
25.7,745,22,4,4,756.5,1,2
25.8,745,22,3,3,747,1,2
25.8,745,21,2,2,698,1,2
25.8,745,21,3,3,648.67,1,2
25.9,745,21,2,2,618,1,3
26,745,21,4,4,601.67,1,3
26,745,21,4,4,606,1,2
26.1,745,21,3,4,610,0,4
26.2,745,21,4,4,654,0,4
26.3,745,21,2,2,666,0,4
26.3,745,21,2,2,667.33,0,4
26.4,745,21,2,2,679.5,0,4
26.4,745,21,2,2,675.33,0,4
26.5,745,21,4,4,676.5,0,4
26.5,745,21,2,2,670,0,4
26.6,745,21,2,2,671.5,0,4
26.6,745,21,2,2,663.67,1,1
26.6,745,21,2,2,619,1,0
26.5,745,21,2,2,586.67,1,0
26.5,745,21,3,4,562.5,1,0
26.5,745,20,3,3,553.33,1,0
26.4,745,21,2,2,556,1,0
26.4,745,21,2,2,555,1,0
26.3,745,21,2,2,554,1,0
26.2,745,21,3,3,558.33,1,0
26.2,745,21,4,4,558.5,1,0
26.2,745,21,6,7,565,1,0
26.1,745,21,2,2,556.5,1,0
26.1,745,21,5,5,559.33,1,0
26.1,745,21,4,4,560,1,1
26.1,745,21,3,3,570.33,1,1
26.1,745,21,2,2,575.5,1,0
25.9,744,21,3,3,569.67,1,0
26.1,744,21,2,2,556,1,0
26.1,744,21,4,4,547.33,1,0
26.1,745,21,3,4,551.5,1,0
26.1,744,22,3,3,551.33,0,3
26.1,744,22,3,3,579.5,0,3
26.1,744,22,2,2,606.67,0,3
26.2,744,22,10,10,622,0,3
26.2,744,22,3,3,633.67,0,3
26.3,744,22,6,6,644,0,3
26.4,744,22,2,2,618.5,1,0
26.4,744,21,2,2,580.5,1,0
26.3,744,21,2,3,549,1,0
26.3,744,21,2,2,531.5,1,0
26.3,744,22,2,2,525,1,0
26.3,744,22,2,3,519,1,0
26.2,744,22,3,3,516.33,1,1
26.2,744,22,3,3,519.5,1,0
26.2,744,22,3,3,526,1,0
26.2,744,22,4,4,528,1,0
26.2,744,22,2,3,528,1,0
26.2,744,22,2,2,526,1,0
26.2,744,22,4,4,528.33,1,0
26.2,744,22,2,2,530,1,0
26.2,744,21,2,3,526,1,0
26.2,744,22,2,2,523,1,0
26.1,744,22,2,2,519.33,1,0
26.1,744,22,4,4,506,1,0
26.1,744,22,3,3,506.33,1,0
26.1,744,22,5,5,503.5,1,0
26.1,744,22,3,3,501,1,0
26.1,744,22,2,2,492,1,0
26.1,744,22,1,1,486,1,0
26.1,744,21,2,2,477,1,0
26.1,744,21,3,3,469.33,1,0
26.1,744,21,6,6,459.5,1,0
26,744,21,3,3,454,1,0
26.1,744,21,2,2,446,1,0
26,744,21,2,3,445.67,1,0
26,744,21,2,2,444.5,1,0
26,744,21,2,2,438,1,0
26,744,21,2,3,436.5,1,0
26,744,21,2,2,439.33,1,0
26,744,21,2,2,436,1,0
26,744,21,2,2,433.67,1,0
26,744,21,2,2,430.33,1,0
26,743,21,2,2,419,1,0
26,744,21,2,2,426,1,0
26,744,21,2,2,421.5,1,0
26,744,21,2,2,419.67,1,0
26,744,21,2,2,420,1,0
26,744,21,2,2,417,1,0
26,744,21,2,2,413.5,1,0
26.1,744,21,3,3,414,1,0
26,744,21,2,2,414,1,0
26.1,744,21,2,2,414.67,1,0
26.1,744,21,2,2,414,1,0
26.1,744,21,4,4,415.67,1,0
26.1,744,20,4,4,422,1,0
26,744,21,2,3,424.67,1,0
26.1,744,21,3,3,433.5,1,0
26.1,744,22,4,5,429.67,1,0
26.1,744,23,4,4,439.5,1,0
26.2,744,24,5,5,452.33,1,0
26.1,744,24,4,4,450,1,0
26.2,744,24,2,3,451.67,1,0
26.1,743,24,2,2,451.5,1,0
26.2,743,24,2,2,445,1,0
26.2,743,24,2,2,443,1,0
26.2,743,24,2,2,444,1,0
26.1,743,23,4,4,440.5,1,0
26.2,743,23,3,3,439.67,1,0
26.2,743,23,3,3,438.5,1,0
26.1,743,23,2,3,438,1,0
26.1,743,23,2,2,437,1,0
26,743,23,3,3,432,1,0
26,743,23,2,4,432.5,1,0
26,743,23,2,2,431.33,1,0
26,743,23,2,2,425.5,1,0
26,743,22,4,4,432.67,1,0
26,743,22,1,2,426.67,1,0
25.9,743,22,4,4,426.5,1,0
26,743,22,4,4,424,1,0
26,743,22,3,4,420.5,1,0
25.4,742,22,3,3,421.33,1,0
26,743,22,2,2,420.5,1,0
26,743,22,2,2,419,1,0
25.9,743,22,4,4,420.5,1,0
25.9,743,22,3,3,419.67,1,0
26,743,22,2,2,423.5,1,0
25.9,743,22,3,3,422.67,1,0
25.9,743,22,2,3,417,1,0
26,743,22,3,3,420,1,0
26,743,21,2,2,412.5,1,0
26,743,22,3,4,415.67,1,0
26,743,21,2,2,413.5,1,0
26,743,21,2,2,416,1,0
25.9,743,21,2,2,412,1,0
25.9,743,21,3,3,411.33,1,0
25.9,743,21,4,4,412,1,0
25.9,743,21,3,3,412.33,1,0
25.9,742,21,2,2,412,1,0
25.9,742,21,2,2,411.33,1,0
25.9,742,21,2,2,411,1,0
25.9,742,21,2,2,408.33,1,0
25.9,742,21,2,2,409.5,1,0
25.9,742,21,2,2,406,1,0
25.8,742,21,2,2,408.5,1,0
25.9,742,21,2,2,408,1,0
25.9,742,21,2,2,407,1,0
25.8,742,21,2,2,405,1,0
25.8,742,21,2,2,405,1,0
25.9,742,21,2,2,405.33,1,0
25.8,742,21,2,2,408,1,0
25.8,742,21,2,3,407.67,1,0
25.8,742,21,2,2,405.67,1,0
25.8,742,21,2,2,403,1,0
25.8,742,21,2,2,407,1,0
25.8,742,21,2,2,405,1,0
25.8,742,21,2,3,404.67,1,0
25.8,742,21,2,2,403.5,1,0
25.8,742,21,2,3,403,1,0
25.8,742,21,2,2,401,1,0
25.8,742,21,2,2,404.33,1,0
25.8,742,21,2,2,403.5,1,0
25.8,742,21,2,3,406,1,0
25.8,742,21,2,2,404.5,1,0
25.8,742,21,4,4,398,1,0
25.8,741,21,3,3,403,1,0
25.8,741,21,3,3,403.33,1,0
25.8,741,21,4,4,409.5,1,0
25.9,741,21,3,3,405.33,1,0
25.9,741,21,3,4,404.5,1,0
25.9,741,21,3,3,406.33,1,0
25.9,741,21,4,4,404.5,1,0
25.8,741,21,4,4,409.33,1,0
25.8,741,20,2,2,401,1,0
25.9,741,21,2,2,404.67,1,0
25.9,741,20,2,2,404,1,0
25.8,741,20,3,3,401.33,1,0
25.8,741,20,4,4,404,1,0
25.9,741,20,3,3,407.33,1,0
25.9,741,20,4,4,405,1,0
25.9,741,20,3,3,403.67,1,0
25.8,741,20,3,3,404.5,1,0
25.8,741,20,3,3,404.67,1,0
25.8,741,20,2,2,404.5,1,0
25.8,741,20,3,3,402.33,1,0
25.9,741,20,4,4,398.5,1,0
25.9,741,20,4,4,404.67,1,0
25.7,741,20,2,3,403.33,1,0
25.8,741,20,3,3,402.5,1,0
25.8,741,20,3,4,402.33,1,0
25.7,740,20,4,4,403,1,0
25.6,740,21,5,5,404,1,0
25.6,740,21,4,4,402.5,1,0
25.5,740,21,6,6,405.33,1,0
25.5,740,21,6,6,408.5,1,0
25.5,740,21,4,5,407,1,0
25.4,740,21,4,5,410.5,1,0
25.4,740,21,4,4,409.67,1,0
25.4,740,21,4,6,410,1,0
25.3,740,21,5,5,406,1,0
25.3,740,21,6,6,408.5,1,0
25.3,740,21,4,5,409,1,0
25.3,740,21,8,8,408,1,0
25.3,740,21,5,6,407.33,1,0
25.3,740,21,6,6,407,1,0
25.2,740,21,6,6,408,1,0
25.2,740,21,6,6,409,1,0
25.1,740,21,6,6,408,1,0
25.2,740,22,5,5,407,1,0
25.2,740,21,5,5,410,1,0
25.2,740,22,6,6,410,1,0
25.1,740,22,5,6,409,1,0
25.1,740,22,4,5,408.5,1,0
25.1,740,22,6,6,409.67,1,0
25.1,740,22,6,6,415.5,1,0
25.1,740,22,6,6,411,1,0
25.1,740,22,5,5,410.5,1,0
25.1,740,22,5,5,412.67,1,0
25.1,740,22,5,5,416.5,1,0
25.1,740,22,6,6,421.67,1,0
25.1,740,22,5,6,424.5,1,0
25.1,739,22,6,6,425,1,0
25.1,739,22,5,6,427.33,1,0
25.1,739,22,6,8,431,1,0
25.1,739,22,7,8,439,1,0
25.1,739,22,6,6,441,1,0
25.2,739,22,5,6,440.33,1,0
25.2,739,22,6,7,444,1,0
25.1,739,22,6,7,443,1,0
25.2,739,22,8,8,445,1,0
25.1,739,22,7,8,442.67,1,0
25.2,739,23,7,7,440.5,1,0
25.2,739,22,7,8,443,1,0
25.2,739,23,7,7,445.5,1,0
25.2,739,23,8,9,443.67,1,0
25.3,739,23,7,7,441.5,1,0
25.3,739,23,10,10,440.67,1,0
25.3,739,23,8,8,449,1,0
25.3,739,23,7,7,448,1,0
25.3,739,23,6,6,449.5,1,0
25.3,739,23,6,7,448.67,1,0
25.3,739,23,7,8,454.5,1,0
25.3,739,23,7,8,463,1,0
25.3,739,23,6,8,467,1,0
25.3,739,23,6,7,475.67,1,0
25.4,739,23,6,7,483,1,0
25.4,739,23,6,7,488.33,1,0
25.4,739,23,8,8,493.5,1,0
25.4,739,23,8,9,497.67,1,0
25.3,739,23,8,8,502,1,0
25.4,738,23,8,9,503.67,1,0
25.4,738,23,8,10,506,1,0
25.4,738,23,8,9,514.33,1,0
25.4,738,23,7,8,510.5,1,0
25.4,738,23,6,7,511,1,0
25.4,738,23,8,8,512.5,1,0
25.4,738,24,9,9,554.67,1,7
25.7,738,25,8,9,775,1,7
25.8,738,25,8,10,779.5,1,5
26,738,24,9,9,692,1,5
26.1,738,24,8,8,666,1,5
26.1,738,24,8,9,671.67,1,1
26.1,738,24,10,10,627.5,1,1
26.2,738,23,10,11,597,1,0
26.1,738,23,8,8,564,1,0
26.1,738,23,7,8,563.67,1,0
26.1,738,23,8,8,548.5,1,0
26,738,23,7,7,543.33,1,0
26,738,24,8,8,538.5,1,0
26,738,24,7,7,538.67,1,0
26,738,24,8,8,548,1,0
26,738,25,7,8,551,1,0
25.9,738,25,6,7,544,0,2
25.9,737,25,7,7,555.67,0,2
25.9,737,26,8,8,566.5,0,2
25.7,737,25,6,6,570.33,0,2
25.9,737,25,6,6,577,0,2
25.9,737,25,7,7,580,0,2
26,737,25,5,5,586,0,2
26.1,737,25,7,7,582,0,2
26.1,737,25,6,7,588,0,2
26.1,737,25,6,6,590,1,0
26.2,737,25,6,6,592,1,0
26.3,737,25,8,8,560.33,1,0
26.3,737,25,8,8,548.5,1,0
26.2,737,25,8,9,536.67,1,0
26.2,737,25,8,9,533.5,1,0
26.2,737,25,6,7,531.33,1,0
26.1,737,25,6,7,520.5,1,0
26.1,737,25,7,8,528,1,0
26.1,737,25,12,12,529,1,0
26,737,25,7,8,532.67,1,0
25.8,736,26,6,6,535.67,1,0
26,737,26,6,6,543,1,0
26,737,26,6,7,542.67,1,0
26,737,26,6,6,540.5,1,0
25.9,736,26,7,7,543.33,1,0
25.9,736,26,6,6,532.5,1,0
25.8,736,26,7,7,530.67,1,0
25.8,736,26,6,6,524,1,0
25.8,736,26,7,8,522.33,1,0
25.8,736,26,6,6,525,1,0
25.8,736,26,6,6,528,1,0
25.8,736,26,7,7,541.67,0,3
25.9,736,26,7,8,553.5,0,3
25.9,736,26,5,6,583.67,0,3
25.2,735,26,5,5,599.5,0,3
25.9,736,26,4,4,607,0,3
25.9,736,26,4,5,604,1,0
25.8,736,26,5,5,567.33,1,0
25.8,736,26,4,4,529.5,1,0
25.8,735,26,5,5,527.33,1,0
25.8,735,26,6,6,523,1,0
25.8,735,26,7,7,518,1,0
25.8,736,26,5,5,513.5,1,0
25.7,736,27,5,5,513.33,1,0
25.7,736,27,4,5,510.5,1,0
25.8,736,27,5,5,509.67,1,0
25.7,735,27,5,5,506,1,0
25.7,735,27,5,6,502,1,0
25.7,735,27,5,6,504,1,0
25.7,735,27,5,5,505,1,0
25.7,735,27,6,6,506.5,1,0
25.7,735,28,6,6,516.33,1,0
25.7,735,28,6,6,508.5,1,0
25.7,735,28,4,5,506,1,0
25.7,735,28,4,5,501.5,1,0
25.7,735,28,5,6,486,1,0
25.7,735,28,5,5,477.67,1,0
25.7,735,28,6,7,475,1,0
25.7,735,29,5,5,473.33,1,0
25.7,735,29,7,7,473,1,0
25.7,735,29,5,6,473.33,1,0
25.7,735,29,7,7,492,1,0
25.5,735,29,5,5,475.67,1,0
25.7,735,28,4,4,478,1,0
25.7,735,28,4,5,477,1,0
25.7,735,28,6,6,475.5,1,0
25.7,735,28,5,5,474.67,1,0
25.7,734,28,5,5,473,1,0
25.7,734,28,6,6,470,1,0
25.7,735,28,5,5,468,1,0
25.6,735,28,4,4,466,1,0
25.6,735,28,4,4,464,1,0
25.6,735,28,4,4,459.67,1,0
25.6,735,28,4,4,452,1,0
25.6,735,28,4,4,439.67,1,0
25.6,735,28,4,5,433.5,1,0
25.6,735,28,5,5,427,1,0
25.6,734,29,5,6,423,1,0
25.6,734,29,4,5,421.67,1,0
25.5,734,29,6,6,417,1,0
25.2,734,29,5,5,418.67,1,0
25.6,734,29,4,4,416,1,0
25.5,734,29,5,6,413,1,0
25.6,734,29,4,4,415.5,1,0
25.5,733,29,5,5,415,1,0
25.5,733,29,5,6,414,1,0
25.5,733,29,7,7,410.67,1,0
25.5,733,29,6,6,411.5,1,0
25.5,733,29,4,4,408,1,0
25.5,733,29,4,4,406,1,0
25.4,734,29,4,5,404,1,0
25.4,735,29,6,6,408,1,0
25.4,735,30,6,6,405.5,1,0
25.4,734,30,5,5,404,1,0
25.4,734,31,4,4,405,1,0
25.4,734,31,6,6,405.33,1,0
25.3,734,31,6,6,400.5,1,0
25.3,734,30,4,4,404,1,0
25.4,734,30,4,4,404.5,1,0
25.3,734,31,4,4,406,1,0
25.3,734,31,4,5,408.5,1,0
25.3,734,31,4,4,405.33,1,0
25.3,734,31,3,4,408,1,0
25.3,734,31,4,4,404.33,1,0
25.3,735,31,4,4,403.5,1,0
25.3,735,31,4,5,401.67,1,0
25.3,735,31,5,5,407.5,1,0
25.3,735,31,3,4,407.67,1,0
24.9,734,33,4,4,414.5,1,0
25.2,734,34,5,5,420.33,1,0
25.1,734,36,5,6,425,1,0
25,734,36,5,5,423,1,0
25,734,35,4,5,423.5,1,0
25,734,33,4,5,420.67,1,0
25,734,32,4,5,416,1,0
25,734,31,4,4,419.67,1,0
25,734,31,4,4,423,1,0
25,733,30,5,6,417.33,1,0
25,733,30,4,4,416.5,1,0
25,733,30,4,4,416.33,1,0
25,733,30,4,4,420.5,1,0
25,733,30,2,2,416.67,1,0
25,733,30,2,2,415.5,1,0
25,733,30,2,3,417,1,0
25,733,30,2,2,413,1,0
25.1,733,30,3,4,413,1,0
25.1,733,30,2,2,416,1,0
25.1,733,30,3,3,421,1,0
25.1,733,30,1,1,417.33,1,0
25.1,733,29,2,2,422,1,0
25.2,733,29,2,2,419.67,1,0
25.2,733,29,2,2,423,1,0
25.1,733,29,2,2,426.33,1,0
25.2,733,29,2,2,428,1,0
25.2,733,29,2,2,428,1,0
25.2,733,29,2,2,425,1,0
25.2,733,29,3,3,426.33,1,0
25.3,733,29,4,4,426.5,1,0
25.3,733,29,2,2,427,1,0
25.2,733,28,2,2,431,1,0
25.2,733,28,2,2,430,1,0
25.2,733,28,2,2,428,1,0
25.2,733,28,2,2,427.33,1,0
25.2,733,28,2,2,427,1,0
25.2,732,28,3,3,430.33,1,0
25.2,732,28,2,2,433.5,1,0
25.2,732,28,1,1,430.67,1,0
25.2,732,28,2,2,428.5,1,0
25.2,732,27,2,2,433,1,0
25,732,27,2,2,427,1,0
25.2,732,27,1,1,425.67,1,0
25.2,732,27,0,0,427.5,1,0
25.2,732,27,1,1,425.67,1,0
25.2,732,27,2,2,424.5,1,0
25.2,732,27,2,3,429.33,1,0
25.2,732,27,2,2,429,1,0
25.2,732,27,1,1,426.67,1,0
25.2,732,27,2,2,424,1,0
25.2,732,26,3,3,426.67,1,0
25.2,732,26,2,2,425.5,1,0
24.9,732,26,1,1,425.5,1,0
25.3,732,26,1,1,428.67,1,0
25.3,732,26,1,1,426.5,1,0
25.2,732,26,1,1,422.33,1,0
25.2,733,26,2,2,420,1,0
25.3,733,26,1,1,426.67,1,0
25.3,733,26,2,2,426.5,1,0
25.2,733,26,1,1,425.33,1,0
25.2,733,26,2,2,425,1,0
25.2,733,26,2,2,426.33,1,0
25.2,733,26,2,2,428,1,0
25.3,733,26,1,1,428.33,1,0
25.2,733,26,1,1,425,1,0
25.3,733,26,1,1,424,1,0
25.2,733,26,2,2,423.5,1,0
25.2,733,25,2,2,427.67,1,0
25.2,733,25,2,2,428.5,1,0
25.2,733,25,1,1,427.33,1,0
25.2,732,25,2,2,425.5,1,0
25.3,732,25,2,2,423.33,1,0
25.3,732,25,0,0,428.5,1,0
25.3,732,25,1,1,423,1,0
25.2,732,25,0,1,428.5,1,0
25.2,732,25,1,1,428.67,1,0
25.2,732,25,0,0,423.5,1,0
25.2,732,25,1,1,422.67,1,0
25.2,731,25,1,1,422.5,1,0
25.3,731,25,1,1,424.33,1,0
25.3,731,25,2,2,426,1,0
25.3,732,25,2,2,425,1,0
25.3,732,25,1,1,427,1,0
25.2,731,25,2,2,426.33,1,0
25.2,731,25,2,2,425.5,1,0
25.3,731,25,1,1,426.33,1,0
25.3,731,25,4,4,423,1,0
25.2,731,25,0,0,427.5,1,0
25.2,731,25,2,2,425.67,1,0
25.2,731,25,2,2,417,1,0
25.3,731,25,1,1,422.67,1,0
25.3,731,25,1,1,424.5,1,0
25.3,731,25,1,1,426,1,0
25.3,731,25,0,0,425,1,0
25.3,731,25,2,2,429.33,1,0
25.2,731,25,2,2,426,1,0
25.3,731,24,1,1,425.67,1,0
25.2,730,24,1,2,422,1,0
25.2,730,24,1,1,425.33,1,0
25.2,730,25,2,2,426,1,0
25.3,730,25,2,2,424.33,1,0
25.2,730,25,2,2,426.5,1,0
25.3,730,25,1,1,427,1,0
25.3,731,25,1,2,428,1,0
25.3,730,26,1,2,426.33,1,0
25.3,730,26,2,2,428,1,0
25.3,730,26,1,1,428.33,1,0
25.3,730,26,2,2,426.5,1,0
25.3,730,26,3,3,425.67,1,0
25.3,730,26,1,1,426,1,0
25.2,730,26,2,2,428,1,0
25.3,730,26,2,2,431,1,0
25.4,730,26,2,2,431.67,1,0
25.4,730,26,2,2,431.5,1,0
25.4,730,26,2,2,436,1,0
25.4,730,26,2,2,434.5,1,0
25.4,730,26,2,2,437.67,1,0
25.4,730,26,1,1,434,1,0
25.4,731,26,2,3,436,1,0
25.4,731,27,2,2,438,1,0
25.4,731,27,1,1,437.67,1,0
25.4,731,27,2,2,440,1,0
25.4,731,27,2,2,443,1,0
25.3,731,27,1,1,441.67,1,0
25.3,731,28,1,2,441,1,0
25.4,731,28,1,1,442,1,0
25.4,731,28,2,2,436.5,1,0
25.4,731,29,3,3,438.33,1,0
25.4,731,29,2,2,437.5,1,0
25.4,731,29,3,3,439.67,1,0
25.4,731,29,2,2,442,1,0
25.2,730,29,2,2,439,1,0
25.4,731,30,2,2,442,1,0
25.4,731,30,2,2,440,1,0
25.5,731,30,2,2,442.5,1,0
25.4,731,30,2,2,446,1,0
25.4,731,30,2,2,446.5,1,0
25.4,731,30,2,2,448.67,1,0
25.5,731,30,2,2,450.5,1,0
25.4,731,31,3,3,452.33,1,0
25.5,731,31,2,3,454,1,0
25.1,730,31,2,2,458,1,0
25.5,731,31,2,3,464.33,1,0
25.5,731,31,2,2,472.5,1,0
25.5,730,31,2,2,485,1,0
25.5,730,31,2,3,490,1,0
25.5,730,31,4,4,492.33,1,0
25.5,730,32,3,3,497.5,1,0
25.5,730,32,2,3,496.67,1,0
25.5,730,32,4,4,495,1,0
25.5,730,32,3,4,493.33,1,0
25.5,730,32,4,4,499.5,1,0
25.5,730,32,4,4,514.67,1,0
25.5,730,32,4,4,516.5,1,0
25.6,731,32,4,4,512.33,1,0
25.6,731,32,4,4,506.5,1,0
25.6,730,33,4,5,502,1,0
25.6,730,33,3,3,495,1,0
25.6,730,33,4,4,490.5,1,0
25.6,730,33,3,4,494.67,1,0
25.6,730,33,5,5,505.5,1,0
25.5,730,33,4,4,504.33,1,0
25.6,730,33,3,3,507,1,0
25.4,730,33,2,3,502.67,1,0
25.6,730,33,4,4,516.5,1,0
25.6,730,33,3,3,517.33,1,0
25.6,730,33,3,3,523,1,0
25.6,730,33,3,4,519.67,1,0
25.6,730,33,4,4,518,1,0
25.6,730,33,4,5,513,1,0
25.6,730,33,4,5,510,1,0
25.6,730,32,3,3,504.33,1,0
25.6,730,32,5,5,496.5,1,0
25.5,730,32,4,4,492.33,1,0
25.5,730,32,5,5,488.5,1,0
25.6,730,32,3,3,496,1,0
25.6,730,32,4,4,507,1,0
25.5,730,31,4,4,509,1,0
25.5,730,31,4,4,509.5,1,0
25.5,730,31,4,4,505,1,0
25.5,730,30,2,3,500.5,1,0
25.5,730,30,3,3,503,1,0
25.5,729,30,2,2,503.5,1,0
25.5,730,30,2,3,500,1,0
25.5,730,29,2,2,494,1,0
25.5,730,29,2,3,485.67,1,0
25.5,730,28,2,4,474,1,0
25.5,730,28,2,2,473,1,0
25.5,730,28,2,2,477.5,1,0
25.5,730,28,2,2,482,1,0
25.5,730,28,2,2,480.5,1,0
25.5,729,27,2,2,476,1,0
25.5,730,27,3,3,511.33,1,0
25.3,729,27,2,2,491,1,0
25.6,730,27,1,1,486.33,1,0
25.6,730,27,1,2,487.5,1,0
25.6,730,27,3,4,484.33,1,0
25.6,730,27,2,2,480,1,0
25.6,730,27,1,1,477.67,1,0
25.6,730,27,0,0,476.5,1,0
25.6,729,27,1,1,477.33,1,0
25.6,730,27,2,2,480.5,1,0
25.6,730,27,1,2,489.33,1,0
25.6,730,28,3,4,489,1,0
25.6,730,28,2,2,500,1,0
25.6,730,28,2,2,499,1,0
25.6,730,28,2,2,502,1,0
25.6,730,28,2,2,500.5,1,0
25.4,730,28,1,2,499.33,1,0
25.6,730,28,0,0,498.5,1,0
25.6,730,28,1,2,500.67,1,0
25.6,730,28,0,1,495,1,0
25.7,730,28,2,2,495.33,1,0
25.7,730,28,2,2,501.5,1,0
25.7,730,28,2,2,502,1,0
25.7,730,28,3,3,499.5,1,0
25.7,730,28,1,1,497.33,1,0
25.7,730,28,1,1,494,1,0
25.7,730,28,1,1,493.33,1,0
25.7,730,28,0,0,488.5,1,0
25.7,730,28,1,1,495.33,1,0
25.7,730,28,2,2,496.5,1,0
25.7,730,29,1,1,496.33,1,0
25.6,730,29,2,3,499.5,1,0
25.6,730,29,1,2,501.33,1,0
25.6,730,29,2,2,505,1,0
25.5,731,29,2,2,505.33,1,0
25.5,731,30,2,2,503.67,1,0
25.5,731,30,2,2,504,1,0
25.5,731,30,2,2,515.67,1,0
25.5,731,30,2,2,503.5,1,0
25.5,731,30,1,1,499,1,0
25.5,731,30,0,1,499.5,1,0
25.5,731,30,1,1,501.33,1,0
25.5,731,30,2,2,502,1,0
25.2,730,30,2,2,507.33,1,0
25.4,731,30,1,1,508.5,1,0
25.5,731,30,0,1,509.67,1,0
25.4,731,30,1,1,504.5,1,0
25.5,731,30,1,1,510.67,0,1
25.5,731,29,1,2,515,1,1
25.6,731,29,2,2,533,0,2
25.7,731,29,2,2,547.5,1,1
25.7,731,29,2,2,546.67,0,1
25.7,731,29,2,2,525,0,1
25.7,731,29,2,2,527.67,0,1
25.8,731,29,2,2,527.5,1,0
25.8,731,29,2,2,513,1,0
25.7,731,29,1,1,500.5,1,0
25.7,731,29,1,1,488,1,0
25.5,731,29,1,1,477,1,0
25.7,731,29,0,0,471.67,1,0
25.7,731,29,0,0,467,1,0
25.6,731,29,1,1,463,1,0
25.6,731,29,2,2,462.5,1,0
25.6,731,29,2,2,460.33,1,0
25.6,731,29,1,2,455.5,1,0
25.7,731,30,2,2,449.67,1,0
25.6,732,30,0,1,441,1,0
25.5,732,30,3,3,443,1,0
25.5,732,30,4,4,437,1,0
25.6,732,31,1,2,434.67,1,0
25.6,732,31,2,2,428.33,1,0
25.7,732,31,2,3,429.5,1,0
25.6,732,32,4,4,428.67,1,0
25.6,732,32,4,4,423.5,1,0
25.6,732,32,3,3,424.33,1,0
25.6,732,32,4,5,423.5,1,0
25.6,732,32,4,4,429,1,0
25.6,732,32,6,6,424.5,1,0
25.6,732,32,4,4,424,1,0
25.5,732,32,2,3,421,1,0
25.5,732,32,3,3,420.67,1,0
25.5,732,32,3,3,419,1,0
25.5,732,32,3,3,421,1,0
25.5,732,32,6,6,414,1,0
25.4,732,32,3,3,418.33,1,0
25.5,732,32,5,5,414,1,0
25.4,732,32,4,4,416,1,0
25.4,732,32,4,4,416,1,0
25.4,733,32,3,3,415.33,1,0
25.5,733,32,4,4,412.5,1,0
25.2,732,32,3,3,414.33,1,0
25.5,733,32,2,2,412,1,0
25.5,733,32,2,3,415.33,1,0
25.5,733,32,2,2,418,1,0
25.5,733,32,3,3,428,1,0
25.5,733,32,4,4,436,1,0
25.5,733,32,3,3,440.33,1,0
25.5,733,33,2,2,448.5,1,0
25.5,733,34,4,4,455.33,1,0
25.6,733,34,2,2,452,1,0
25.7,733,34,3,3,456,1,0
25.7,733,34,2,2,458,1,0
25.7,733,34,2,2,458.33,1,0
25.7,733,34,2,2,454,1,0
25.7,733,33,2,2,456,1,0
25.7,733,33,3,3,450.33,1,0
25.7,733,33,4,4,442,1,0
25.5,733,33,2,2,444.67,1,0
25.7,733,33,2,2,444,1,0
25.7,733,33,1,1,445.67,1,0
25.7,733,32,1,1,444.5,1,0
25.6,733,33,2,2,444.33,1,0
25.6,733,32,2,2,442,1,0
25.6,733,32,2,2,443,1,0
25.7,733,32,2,2,442.5,1,0
25.7,733,32,1,1,443,1,0
25.7,733,32,3,3,445.5,1,0
25.7,733,32,1,1,443.67,1,0
25.7,733,32,1,1,442,1,0
25.7,733,32,2,2,444.67,1,0
25.7,733,32,2,2,446,1,0
25.7,733,32,1,1,444.33,1,0
25.7,733,32,2,2,444.5,1,0
25.5,733,32,1,1,444.67,1,0
25.7,733,32,0,0,443,1,0
25.6,733,32,1,1,443.33,1,0
25.6,733,32,2,2,447.5,1,0
25.6,733,32,1,1,440.67,1,0
25.6,733,32,1,1,446.5,1,0
25.6,733,32,1,1,442.33,1,0
25.6,733,32,0,0,444,1,0
25.7,733,32,0,1,442.67,1,0
25.7,733,32,0,0,439,1,0
25.6,733,32,1,1,441.67,1,0
25.6,733,32,2,2,443,1,0
25.6,733,32,2,2,444.67,1,0
25.6,733,32,2,2,444.5,1,0
25.6,733,32,1,2,443.67,1,0
25.6,733,32,0,0,442,1,0
25.6,733,32,1,1,443.67,1,0
25.6,733,32,1,1,442.67,1,0
25.6,733,32,0,0,442.5,1,0
25.7,733,32,1,1,444.67,1,0
25.7,733,32,1,1,445.5,1,0
25.7,733,32,1,1,440.33,1,0
25.7,733,32,2,2,441.5,1,0
25.7,733,32,2,2,441.67,1,0
25.7,733,32,1,1,443.5,1,0
25.7,733,32,0,0,442,1,0
25.7,733,32,0,0,445,1,0
25.7,733,32,1,1,446.67,1,0
25.6,733,32,2,2,446.5,1,0
25.6,733,32,2,2,442,1,0
25.6,733,32,2,2,444,1,0
25.6,733,32,2,2,444,1,0
24.8,732,32,1,1,441.5,1,0
25.6,733,32,0,0,443.67,1,0
25.6,733,32,0,0,443,1,0
25.6,733,32,1,1,440.33,1,0
25.7,733,32,0,0,445,1,0
25.7,733,32,1,1,441,1,0
25.7,733,32,0,0,443,1,0
25.7,734,32,2,2,442,1,0
25.7,733,31,1,1,443.5,1,0
25.7,734,31,1,1,444,1,0
25.7,734,31,0,0,442.5,1,0
25.8,733,31,0,0,441.33,1,0
25.8,734,31,0,0,443,1,0
25.8,734,31,0,0,444.33,1,0
25.8,734,31,1,1,446,1,0
25.8,733,31,0,0,445,1,0
25.8,733,31,0,0,441.5,1,0
25.7,733,31,1,1,442,1,0
25.8,733,31,2,2,442.5,1,0
25.8,733,31,2,2,446.67,1,0
25.8,733,31,1,1,441.33,1,0
25.8,733,31,0,0,442.5,1,0
25.8,733,31,0,0,441,1,0
25.7,733,31,0,0,440.5,1,0
25.7,733,31,1,1,440.33,1,0
25.8,733,30,2,2,439.5,1,0
25.7,733,30,1,1,439.33,1,0
25.8,733,30,2,2,434.5,1,0
25.8,733,30,2,2,435,1,0
25.8,733,30,2,2,436,1,0
25.8,733,29,2,2,434,1,0
25.8,733,29,2,2,430.5,1,0
25.8,733,29,1,1,431.33,1,0
25.7,734,29,0,0,431,1,0
25.7,734,29,1,1,431,1,0
25.7,734,29,0,0,430,1,0
25.7,734,29,1,1,429.67,1,0
25.7,734,29,1,1,430.5,1,0
25.7,734,29,2,2,431,1,0
25.7,734,29,2,2,431,1,0
25.7,734,29,2,2,432,1,0
25.7,734,29,2,2,433.33,1,0
25.7,734,29,2,2,439.5,1,0
25.7,734,29,2,2,431.33,1,0
25.7,734,28,1,1,433,1,0
25.7,734,29,2,2,433.67,1,0
25.7,734,29,0,1,430.5,1,0
25.7,734,28,1,1,432,1,0
25.7,734,28,1,1,432.5,1,0
25.7,734,28,1,1,436,1,0
25.7,734,28,2,2,437,1,0
25.7,734,28,1,1,438.67,1,0
25.7,734,29,0,0,442.5,1,0
25.7,734,29,1,1,442.67,1,0
25.7,734,29,2,2,446,1,0
25.7,734,29,3,3,446.5,1,0
25.6,735,29,2,2,448.33,1,0
25.6,735,30,1,1,450,1,0
25.6,735,30,3,3,447.33,1,0
25.6,735,30,1,1,445,1,0
25.6,735,30,2,3,450,1,0
25.6,735,30,2,2,455.5,1,0
25.7,735,30,1,1,455.33,1,0
25.6,735,31,1,1,456,1,0
25.6,735,30,2,2,453.33,1,0
25.6,735,31,1,2,453.5,1,0
25.6,735,31,2,2,453.33,1,0
25.6,735,31,2,2,452.5,1,0
25.6,735,31,2,2,454.67,1,0
25.6,735,31,2,2,455.5,1,0
25.6,735,31,1,1,456.33,1,0
25.6,735,31,2,2,480.5,1,0
25.5,735,31,2,2,499.67,1,0
25.5,735,31,1,1,504.5,1,0
25.5,736,31,2,2,506.67,1,0
25.5,736,32,4,4,504,1,0
25.5,736,32,2,2,506,1,0
25.4,736,32,2,2,506,1,0
25.4,736,32,2,2,502.67,1,0
25.4,736,32,4,4,504.5,1,0
25.4,736,32,4,4,502.33,1,0
24.8,735,32,2,2,502.5,1,0
25.3,736,32,2,2,505.67,1,0
25.3,736,32,2,3,508,1,0
25.4,736,32,4,4,508,1,0
25.3,736,32,4,4,510,1,0
25.3,736,32,5,5,503.33,1,0
25.3,736,32,4,4,503.5,1,0
25.3,736,32,5,5,509.67,1,0
25.3,736,32,6,7,521,1,0
25.4,736,33,4,4,581.5,1,0
25.4,736,33,5,5,608,1,0
25.5,736,33,5,5,634,1,2
25.6,736,33,6,6,615.33,1,3
25.6,737,33,6,6,647,0,3
25.8,737,33,4,4,693,0,3
25.9,737,33,2,3,716.5,0,3
26,737,32,8,8,736.33,0,3
26.1,737,32,6,6,744.5,0,3
26.2,737,32,4,5,761,1,0
26.2,737,31,6,6,687,1,0
26.1,737,31,5,5,637.33,1,0
26,737,31,4,4,627,1,0
25.9,737,31,5,5,617,1,0
25.8,737,31,6,6,619.5,1,0
25.7,737,31,4,5,612.67,1,0
25.7,737,32,5,5,612,1,0
25.7,737,31,6,6,605.67,1,0
25.6,737,31,8,8,605,1,0
25.6,737,31,5,5,590.33,1,0
25.6,737,31,4,4,582.5,1,0
25.6,737,31,4,4,568.67,1,0
25.5,737,31,4,4,563,1,0
25.5,737,31,4,4,548.67,1,0
25.5,737,31,4,4,548.5,1,0
25.5,738,31,3,4,534.67,1,0
25.5,738,30,4,4,530,1,0
25.5,738,30,3,3,528.33,1,0
25.5,738,30,2,2,523,1,0
25.5,738,29,5,5,519,1,0
25.5,738,29,4,4,511,1,0
25.5,738,29,3,3,515.33,1,0
25.4,738,29,4,4,511.5,1,0
25.4,738,29,3,3,513.33,1,0
25.4,738,29,4,4,511,1,0
25.4,738,29,3,4,524,1,2
25.4,738,28,2,2,538.67,1,2
25.5,738,29,4,4,545,1,2
25.5,738,28,4,4,537.67,1,2
25.5,738,28,4,4,548,1,2
25.6,738,28,3,3,550,1,2
25.6,738,28,2,2,557,1,2
25.6,738,28,3,3,560.67,1,3
25.7,738,28,4,4,577,1,3
25.7,738,28,3,3,604,1,3
25.8,738,28,4,4,600,1,3
25.8,738,28,3,3,605.67,1,4
25.9,738,28,3,3,642,1,5
25.9,738,28,3,3,656,1,7
26,738,29,6,6,656.5,1,7
26,738,29,3,4,667.33,1,7
26.1,738,29,4,4,665,1,7
26,738,29,3,3,651,1,7
26.2,739,29,4,4,643.5,1,0
26.2,739,29,4,4,633.33,1,0
26.1,739,28,3,3,607,1,0
25.8,738,28,4,5,592.67,1,0
26,739,28,3,3,570.5,1,0
26,739,28,3,3,565.67,1,0
26,739,28,3,3,566.5,1,0
25.9,739,28,3,3,562.33,1,0
25.9,739,28,3,3,561,1,0
25.9,739,28,3,3,563.33,1,0
25.8,739,28,3,3,562.5,1,0
25.8,739,28,3,3,558,1,0
25.8,739,28,2,2,556.5,1,0
25.8,739,28,2,2,557.67,1,0
25.8,739,28,2,2,558,1,0
25.7,739,28,2,3,551.67,1,0
25.7,739,28,3,3,550.5,1,0
25.8,739,27,4,4,547,1,0
25.8,739,27,6,6,530.67,1,0
25.8,739,27,2,2,526.5,1,0
25.8,739,27,3,3,523.33,1,0
25.9,739,27,3,4,526,1,0
25.9,739,27,5,5,521.33,1,0
26,739,27,6,7,538,1,0
26,739,27,5,5,530,1,0
26,739,27,3,4,527,1,0
26,739,27,3,3,523.33,1,0
25.9,739,27,3,3,516.5,1,0
25.9,739,27,3,4,515.67,0,2
26,739,27,8,8,533.5,0,2
26,739,27,4,5,562.67,0,2
26,739,27,2,2,577.5,0,0
26,739,27,3,3,574.33,0,0
26,739,27,2,2,552,0,0
26,739,27,3,4,540.67,0,0
26,739,27,2,2,514.5,0,0
26,739,27,2,2,506.67,0,0
26,739,27,2,2,501.5,0,0
26,739,27,2,2,494.67,0,0
26,739,27,2,2,492.5,0,0
26,739,27,2,2,484,0,0
26,739,27,2,2,482,0,0
26,739,27,4,4,477.33,0,0
26,739,27,2,2,473,0,0
26,739,27,3,3,475.33,0,0
26,739,26,2,2,476.5,0,0
26,739,26,2,2,475,0,0
26,739,26,2,2,469,0,0
25.9,739,25,3,3,471.33,0,0
25.9,739,25,4,4,462.5,0,0
25.9,739,25,5,5,457.33,0,0
25.9,739,25,3,3,452.5,0,0
25.9,739,25,4,4,449,0,0
25.9,739,25,3,3,439.33,0,0
25.9,739,25,10,10,435.5,0,0
25.9,739,25,2,2,433.67,0,0
25.9,739,25,2,2,430,0,0
25.9,739,24,3,3,424.67,0,0
25,738,25,4,4,429,0,0
25.9,740,25,3,3,428.67,0,0
25.9,740,25,4,4,426,1,0
25.8,739,25,4,4,432,1,0
26,740,24,3,4,428,1,0
26,740,24,3,3,428,1,0
26.1,740,24,3,3,431.5,1,0
26.1,740,24,4,4,429,1,0
26.1,740,24,3,3,428.5,1,0
26.1,740,24,3,3,427,1,0
26.1,740,24,4,4,425,1,0
26.1,740,24,4,4,428.67,1,0
26.1,740,24,3,3,430,1,0
26.1,740,24,4,4,430,1,0
26.2,740,24,6,6,423.5,1,0
26.2,740,24,3,3,427,1,0
26.2,740,24,6,6,436.5,1,0
26.2,740,24,4,4,427,1,0
26.3,740,24,4,4,428,1,0
26.2,740,24,6,6,435,1,0
26.2,740,24,5,5,455.5,1,0
26.2,740,24,3,3,457,1,0
26.2,740,25,2,2,454,1,0
26.1,740,26,3,3,452,1,0
26.1,740,27,2,2,453,1,0
26.1,740,27,3,3,452,1,0
26.1,740,27,2,3,452,1,0
26.1,740,27,2,2,452,1,0
26,740,27,2,2,474.5,1,0
26,740,27,2,2,451.5,1,0
26.1,740,27,1,1,453,1,0
26,740,27,1,1,454.5,1,0
26,740,27,1,1,457,1,0
26,740,27,0,0,456,1,0
26,740,27,1,1,455,1,0
26,740,27,1,1,458,1,0
26,740,27,1,1,456,1,0
26,740,27,1,1,454,1,0
25.8,740,27,2,2,454.67,1,0
26,740,27,1,1,456.5,1,0
26,740,27,0,0,453.67,1,0
26,740,27,0,0,456,1,0
26,740,27,1,1,456.67,1,0
26,740,27,1,1,456.5,1,0
26,740,27,1,1,455.33,1,0
26,740,27,1,1,455,1,0
26,740,27,0,0,459,1,0
26,740,27,0,0,458.5,1,0
26,740,27,1,1,459,1,0
26,740,27,0,0,463.5,1,0
26,740,27,1,1,457.33,1,0
26,740,27,0,0,462,1,0
26,740,27,1,1,462.33,1,0
25.9,740,27,0,0,459.5,1,0
26,740,27,0,0,459.33,1,0
26,740,27,2,2,460,1,0
26,740,27,1,1,460.33,1,0
26,740,27,2,2,464,1,0
26,740,27,1,1,460,1,0
26,740,27,0,0,461.5,1,0
26,740,27,0,0,461,1,0
26,740,27,0,0,457.5,1,0
26,740,27,0,0,458.33,1,0
26,740,27,0,1,460,1,0
26,740,27,2,2,461.5,1,0
26,740,27,3,3,459.67,1,0
26,740,27,2,2,459.5,1,0
26,740,27,0,0,458.67,1,0
26,740,27,0,1,459.5,1,0
26,740,27,0,0,457,1,0
26,740,27,2,2,456.5,1,0
26,740,27,1,1,459,1,0
26,740,27,0,0,455.5,1,0
26,740,27,0,0,455.67,1,0
26,740,27,0,0,457,1,0
25.9,740,27,1,1,456,1,0
25.9,740,27,0,0,450,1,0
26,740,27,2,2,453.67,1,0
26,740,27,1,1,455.5,1,0
25.9,740,27,1,1,454,1,0
25.9,740,27,0,0,454.5,1,0
25.9,740,27,1,1,453.67,1,0
26,740,27,0,0,453,1,0
25.9,740,27,1,1,452.67,1,0
25.9,740,27,1,1,454,1,0
26,740,27,3,3,459.33,1,0
26,740,27,0,0,452,1,0
26,740,27,0,0,452.33,1,0
26,740,27,0,0,452,1,0
25.9,740,27,1,1,451.33,1,0
25.9,740,27,1,1,451,1,0
26,740,27,2,2,450.33,1,0
25.9,739,27,1,1,449.5,1,0
25.9,739,27,1,1,450.33,1,0
26,739,27,0,0,448.5,1,0
25.9,739,27,0,0,450.33,1,0
26,739,27,2,2,453.5,1,0
25.9,739,27,1,1,448,1,0
25.9,739,27,3,3,453,1,0
25.9,739,27,4,4,448,1,0
26,739,27,1,1,448,1,0
26,739,27,1,2,447,1,0
25.9,739,27,3,3,447.67,1,0
25.9,739,27,2,2,448,1,0
25.9,739,27,4,4,445.67,1,0
25.9,739,27,1,1,444.5,1,0
25.9,739,27,2,2,444,1,0
25.9,739,27,3,3,444,1,0
25.9,739,27,2,2,441,1,0
25.9,739,27,2,2,442.5,1,0
25.9,739,26,3,3,439,1,0
25.9,739,26,2,2,441,1,0
25.9,739,26,3,3,439.67,1,0
25.9,739,27,1,1,438,1,0
25.9,739,27,2,2,437.33,1,0
25.9,739,26,2,2,441,1,0
25.9,739,26,1,1,437.67,1,0
25.9,739,26,2,2,436,1,0
25.9,739,27,3,3,439,1,0
25.9,739,26,4,4,438.5,1,0
25.8,739,26,2,2,437.33,1,0
25.8,739,26,3,3,436.5,1,0
25.8,739,27,1,1,438.33,1,0
25.8,739,26,2,2,436,1,0
25.8,739,26,1,1,439.67,1,0
25.8,739,26,2,2,439,1,0
25.8,739,26,1,1,440,1,0
25.5,739,26,2,2,439.5,1,0
25.8,739,26,1,1,440.33,1,0
25.8,739,26,2,2,440.5,1,0
25.8,739,27,3,3,443,1,0
25.8,739,27,4,4,443.5,1,0
25.8,739,27,3,3,446.33,1,0
25.6,739,27,2,2,449,1,0
25.8,739,27,2,2,450.5,1,0
25.8,739,28,3,3,450.33,1,0
25.8,739,28,3,3,449,1,0
25.8,739,28,1,1,452,1,0
25.8,739,28,1,1,458,1,0
25.8,739,28,1,1,462.67,1,0
25.8,739,28,2,2,468.5,1,0
25.9,739,28,2,2,471,1,0
25.9,739,28,4,4,474.5,1,0
25.8,739,29,5,5,477,1,0
25.8,740,29,3,3,476.5,1,0
25.8,740,29,2,3,481.33,1,0
25.9,740,29,2,2,481,1,0
25.8,740,29,3,3,480,1,0
25.9,740,29,4,4,483,1,0
25.9,740,29,2,3,483,1,0
25.9,740,29,2,2,485,1,0
25.9,740,29,3,3,482.33,1,0
25.9,740,29,3,3,484,1,0
25.9,740,29,3,3,488,1,0
25.8,740,29,4,4,491,1,1
25.9,740,29,3,3,509.67,1,1
25.9,740,30,4,4,522.5,1,2
25.9,740,30,4,4,552.33,1,1
25.9,740,30,5,5,554.5,0,0
25.9,740,30,4,4,558.33,0,0
25.8,740,29,2,2,538.5,0,0
25.7,740,29,2,3,525.67,0,0
25.5,740,29,1,2,513,0,0
25.3,740,28,2,2,506,0,0
25.1,739,28,2,2,501.5,0,0
24.9,739,28,3,3,504,0,0
24.7,739,28,4,4,506.5,0,0
24.5,739,28,3,3,510.67,0,0
24.3,739,28,2,2,515.5,0,0
24,739,29,4,4,563.5,0,1
23.8,739,30,3,3,601.33,0,1
23.8,739,33,3,3,632,0,0
23.8,739,33,3,3,620,1,0
23.9,739,33,4,4,607.5,1,1
23.9,739,33,3,4,629,1,3
